Sample_name,PC 1,PC 2,PC 3,PC 4,PC 5,PC 6,PC 7,PC 8,PC 9,PC 10,PC 11,PC 12,PC 13,PC 14,PC 15,PC 16,PC 17,PC 18,PC 19,PC 20,PC 21,PC 22,PC 23,PC 24,PC 25,PC 26,PC 27,PC 28,PC 29,PC 30,PC 31,PC 32,PC 33,PC 34,PC 35,PC 36,PC 37,PC 38,PC 39,PC 40,PC 41,PC 42,PC 43,PC 44,PC 45,PC 46,PC 47,PC 48,PC 49,PC 50,PC 51,PC 52,PC 53,PC 54,PC 55,PC 56,PC 57,PC 58,PC 59,PC 60,PC 61
X129P3_J_,-46.25207969561671,-4.8910683167421265,1.5333446661366332,-5.235276865561561,0.21922870371554223,-0.5322323482993074,-0.597912374848614,1.2566646927222516,0.3049651064044456,-2.6919595706264356,1.026609781482323,-1.948635056217364,2.5489547186354526,2.5591751203730957,0.40260943835495616,-1.3554879767072263,1.5598129582968434,0.6085557663114739,0.5583068711526393,-1.3603723733007198,0.8715259366614047,-0.796836495957143,-0.33421914220819404,-1.6154751865442145,-0.7225867971375443,-1.39729693761085,-0.873683922256093,-0.5553936269455033,-1.6062949955448471,0.8603161674061585,-0.3352590031207013,-0.08569133929376548,0.15744369644400147,0.4744803546146292,0.46869974590968233,0.2760696427046562,0.04044118881602181,0.6626920021333481,0.41728706071522953,0.340576181121713,-0.8206319445986986,0.7534475405177843,0.08572218420604663,-0.26377746165954,-1.5465047172602633,1.746157345179637,0.05394459340146514,-0.11399908765669843,-0.5259580859878498,0.5253978237871405,0.0571808226445932,0.23959477122431092,-0.7187513378508633,-0.036530182589925166,-0.07404397375433974,1.0215268604562802,-0.04250018696029449,0.12226925658405517,-0.24068293533686574,-0.2504280476942182,0.17820468843397425
TALLYHO_JNGJ_,-49.11216453056621,-5.263862863436797,-0.010986499305145402,-4.084490655925221,1.1980731970324288,-1.132356943200974,-0.8856333127227456,2.009118239110654,-0.6177553208454885,-2.264945488887194,0.8319269838182549,-1.1900938916194812,1.952380706868542,1.6691700300964758,0.42003945877739696,-1.3326943072432653,1.4669315432442198,0.36720677416876263,0.8302500917411079,-0.8832866289725964,0.4468061073578291,-0.8461492210291806,-0.48059746188475716,-1.3885708630855584,-0.5340594451533955,-1.2223061064419183,-0.3653372417896057,-0.23965272403119273,-1.4703265469694589,0.8568686619292507,-0.4460901678970847,0.026999233424439755,-0.10500177835618042,0.7651372991729644,0.4946447027768878,0.39163522232770537,-0.18403955424771426,0.559415974424682,0.3268945946610451,0.25942694053804355,-0.7932061111970253,0.7570568875636533,-0.21138931359948918,-0.06264563086943777,-1.2959738761500277,1.652509347656408,0.009755701341219504,-0.2429215066887911,-0.597040384998264,0.5006679100958051,0.20376858690252947,0.3223459836464625,-0.6253569388019561,-0.07871871304014189,-0.047840505943594396,1.0533380268912502,-0.14047468263151094,0.19327014951081053,-0.14303019151366472,-0.2898835932306415,0.1782046884339739
SWR_J_,-47.83303246825029,-5.064391772375365,0.6739431801754212,-4.175472667733973,1.0770763849746605,-0.4536567008064355,-1.4092013232332092,1.756965278154908,-1.3446756766864698,-1.3672401671736552,0.6386243154312934,-1.895993453200853,2.9052876992251506,1.774860697383048,0.585782254878048,-1.0354162426029807,1.4187342655365505,0.5089165991563395,0.614238945707925,-0.8957278595888,0.4209980237138818,-0.5985370061352361,-0.690770763398291,-1.5470609031334945,-0.7299677890244404,-1.0587154929739693,-0.722111460912339,-0.7028034971676875,-2.1455399769588976,0.843251632980918,-0.32340368027261396,0.3899162055570164,0.13047894498400356,0.5935721558151491,0.34362864139674937,0.6103786940952574,-0.14806957297218315,0.38659062973338354,0.6413060901870872,0.26915016534785197,-0.8064894163445269,0.9032739812902371,0.018275483786858077,-0.34009420261247086,-1.5593913933136865,1.584823628626306,-0.07779603625486484,-0.1112542077979535,-0.4824120960958189,0.5030677421686751,0.05974720734135423,0.3368508593126033,-0.679416769079394,-0.04048338718199529,-0.08814844141768453,1.0334014051203768,-0.09593109853154441,0.19619829189193627,-0.25837599869118316,-0.22532925939298395,0.1782046884339768
SPRET_EiJ_,-47.81943718533908,-3.5220354280941737,-1.7808011105750916,-5.817033752738655,1.1140648005957705,-0.06926510452790416,-1.5935323470887146,1.5217630239030688,-0.2717694478178285,-1.3489917308642032,1.1339846704659953,-2.538740847778349,1.7101104862784333,0.9575039866880379,0.49073386290541604,-1.0983388124863194,1.1792121824845523,0.6184750496601851,0.7466727111890508,-1.183055410784095,0.6486306126488492,-0.8329057006331271,-0.5808941146219966,-1.6457891476495474,-0.5347455581459045,-1.634783788144855,-0.561860765213023,-0.6658541486386874,-1.5874487074914918,1.0112530322870386,-0.3518257149474469,0.08770229199152133,0.058230799570602315,0.5258442039428252,0.36444544534144885,0.3623863934205043,0.08684158116138863,0.729559864436789,0.5562251461343786,0.2461006854887121,-0.8513855975667246,0.7661965056377731,0.11085248488444961,-0.22128774272329224,-1.4999571858573149,1.6051259783016976,-0.0576740817434099,-0.08248220528895656,-0.6024508003997192,0.5230783329675702,0.12493268298524633,0.228936393378195,-0.6131705594947808,-0.0460482077921592,-0.08876510436495548,1.0356765844175748,-0.06686800693905262,0.1820535847005286,-0.18801103020650067,-0.23933852752272833,0.17820468843397227
SM_J_,-47.24355379052653,-5.033008474002873,1.1587007069139437,-4.640145940770296,1.3532692594903977,-0.07523006682309777,-1.9392591610035868,2.9618270394473143,0.2947740455499537,-1.2409638326321848,0.6836557563111583,-2.219467276220321,2.0747699716017665,1.9618407608578519,0.9598104118029761,-1.6120770390279096,1.3300377604338849,0.49557477947246475,0.509743322207249,-1.424341704244881,0.7308284100073836,-0.5485303591420734,-0.3373658678182384,-1.9565666127393009,-0.6979039782503415,-1.2460028535566632,-0.1530699622231075,-0.5394112331813811,-1.723521007127679,0.7384233446718343,-0.7353972055774324,0.08133911803579344,0.2334358619352075,0.5321796314082873,0.5561703594120185,0.433145913809571,-0.22744346145542807,0.6247168705673902,0.6896582987593323,0.2606705869054015,-0.8431267340384573,0.7601712820439532,-0.1670872668365541,-0.11846371739060248,-1.5524327418067367,1.6237021329349437,0.0023336722151512425,-0.15466044055681138,-0.7081643771522479,0.5138580896415654,-0.041828953082350566,0.23936122840375515,-0.6805926592795377,-0.1012855253881887,-0.020726580711657634,0.9812966716036896,-0.049826406268324755,0.17281886504371682,-0.18488162320755783,-0.2716568060319524,0.17820468843397627
SKIVE_EiJ_,-47.23848662470145,-4.371781890303554,-0.48372329592701196,-5.238565346137069,1.3949542641366575,-0.5317932735689396,-1.5700669290339615,1.4655150390282086,-1.3138246975358012,-2.546085926351026,2.0086918988557776,-2.1039606011504044,1.3435609561888648,1.9373979098457907,0.7825675928904231,-0.9431984470934798,1.5469581103107173,0.3510648856487042,0.3249307701196151,-0.9495351231920238,0.897189781137572,-1.0840001775505237,-0.7413389492154208,-1.8041272886909492,-0.6832738125903448,-1.0358892773130233,-0.5712822178369161,-0.469941113821131,-1.70489942327844,0.7863291560320792,-0.8430247778514183,0.05396964729672007,0.25605708811146666,0.5396310171480146,0.695104880444014,0.46466404691443625,-0.23950824907138152,0.49659483915413566,0.5658603338238208,0.4552287056647048,-0.6865556821960268,0.7795354104757761,-0.09624747881169028,-0.17213120338528326,-1.550080119237316,1.6700097484632164,0.016138662388627975,-0.1567419930679411,-0.48608413712366105,0.595232817380031,-0.03756097204219458,0.2619558205261457,-0.7166483492946791,-0.054788490930658906,-0.05779727432766336,1.0478862950171173,-0.11912612542994318,0.12653803423177096,-0.2728798231820368,-0.23163434781104553,0.17820468843397824
SJL_J_,-48.417866450689864,-4.510960339248157,1.1134124117433088,-4.760948852533738,1.0408506249677572,-0.9951011446547824,-2.239486530976947,1.745292381259066,-1.1548065324153998,-1.6467714437270988,0.6700901725990401,-1.6278808804270501,1.9359939733454437,1.7203695117694187,0.2169255583957491,-1.233983566875398,1.186851945654502,0.6856859230814928,0.5336129640823924,-1.2023089015784818,0.8310925495024566,-0.6613275759539252,-0.44800881960017697,-1.9700577014656941,-0.3306623891284272,-1.1615271770067792,-0.568377249385928,-0.43037518632532823,-1.5406644294595317,0.6521475547966884,-0.645113036384879,0.10512194003998257,-0.006472510732836718,0.3860403321423719,0.6821962158391262,0.4842652797437998,0.17601468088237704,0.36191881381052343,0.3676984982439756,0.30288198332182986,-0.5674258132297201,0.6290533428648543,0.21397821538420975,-0.1456595868216556,-1.530917570135953,1.6558100565288085,-0.10191003474449203,-0.11437618408761485,-0.5143300409469177,0.3990928662281862,0.04334796391951599,0.2814034964705336,-0.609406171729065,0.09693746478583389,0.053839669278283986,0.9869337774499082,-0.01055013265055813,0.16278930630693766,-0.1373674127407355,-0.23734612553774792,0.17820468843396936
SF_CamEiJ_,-45.18631861618279,-7.793044829696686,0.48129093295852576,-5.729303207482071,1.880660393069535,-1.6439827527935393,-2.412803972723717,0.8568407593052916,-1.1076335226735519,-1.6489774597748008,1.1714941366924208,-1.538982804310621,1.9777133752483371,1.5745640486843206,0.9661071747074174,-1.7293145919799269,1.259063067570181,0.3739798272184185,0.16613009271883195,-1.4464640584936548,0.5797287090713036,-0.7167368005022312,-0.4017804572424403,-1.3297496204339132,-0.5927469257774407,-1.2019958602188572,-0.4335810987677966,-0.4224756128984292,-1.6846492065496292,0.7625587827997167,-0.491056598620202,0.08911199544677245,0.2774785190422345,0.5117504901274385,0.19954334877537544,0.2294810084984911,-0.08629624220393063,0.6102543634532435,0.5926486962963206,0.25931425529499996,-0.7853850320634845,0.7083379719253992,0.0912273138352402,-0.2944432640499181,-1.4785934359197561,1.7815430295989818,-0.0008280179998834594,-0.14451202042467823,-0.5817842512089839,0.5229336349875578,0.07706403666519425,0.2358305582015108,-0.6773929881947837,-0.060507043197355254,-0.06385098576861253,0.9816647099157728,-0.08317163961659589,0.1581566401780428,-0.20491434283432977,-0.28966710180771993,0.1782046884339707
PWK_PhJ_,-45.39590745531971,-4.142339759488184,-0.2756080081413887,-4.870613655256207,1.21024169120203,0.21256593644547142,-1.7058880921201756,2.2204867952127554,-0.9281862348086,-1.498290756986656,1.6381933466110934,-1.7984394178911165,1.8444952416915725,2.361241870753663,1.0850267068808517,-1.3222881094545091,1.466749583202293,0.3524846655641303,0.5059161940419045,-1.2026844411633935,0.8734745544105179,-0.6572820466464249,-0.5866449172088097,-1.3891089802545233,-0.28179195508551635,-0.9983101509535919,-0.7693947527853879,-0.3242203312203296,-1.7604176813423498,0.708761872375621,-0.5462619696601704,0.06978755267298443,-0.17423699345007948,0.4747369114825066,0.09127361752007355,0.2882267679317376,0.2272092128161539,0.47049440647220453,0.45484985692088137,0.308413368630615,-0.8038653077737745,0.8713199720246054,-0.08977562760875808,-0.22969423077576878,-1.3785023080257124,1.6711392835394914,-0.055972094187082384,-0.3252030204186915,-0.6670994436207378,0.4410866483508904,0.007100638957032416,0.3082300180747599,-0.7004242894397775,-0.06322981102367979,-0.07258250975718285,1.0133675688893071,0.0824773720991202,0.14060790138421017,-0.216368327591129,-0.25007695912322864,0.17820468843397208
PWD_PhJ_,-46.09198382050954,-3.6201803600935856,-0.26417873286250837,-5.1795705426001915,0.7605934941861823,0.0906662778922706,-2.4870559353788413,2.1539276001707384,-1.3596928384233395,-1.883395066700462,0.7407324660529379,-1.4155223398307855,2.1713232866573753,2.3012453947585643,0.609985247214836,-1.7268511735123895,1.063953010487556,0.1476025198232083,0.8424611383251099,-1.5344214088230386,0.9736894620578398,-0.6883596277396669,-0.5723312883832719,-1.227474635299563,-0.6605822251012948,-1.2305760296338846,-0.4525278788247944,-0.4040679421383072,-1.282910783037499,0.9646157476274407,-0.44267003564963386,0.1890473096863821,-0.09026515230466084,0.27419783775215134,0.48004121106080494,0.7194145430918767,-0.2453562219965305,0.6062293950754033,0.4347532655977473,0.34505685864744706,-0.8293772416151408,0.7744733162330929,0.07323473238956434,-0.32833743678181515,-1.5194094404325778,1.6504146621870521,0.09960936326679376,-0.08393549563488296,-0.47525780657277195,0.6053828039729603,0.04097139421293726,0.22037365855118182,-0.6574782895128364,-0.07688414382534699,-0.07508793801504714,0.9642510039371676,-0.10406112103514642,0.17122193102542801,-0.23656673586525245,-0.29105413188472395,0.17820468843397427
PL_J_,-47.950170100940014,-6.056047222231598,0.9396448025909817,-5.44948008593352,1.3444072459217677,-0.5393614795161057,-2.0852648082136307,2.2476736205800223,-0.43148753179150523,-1.8212241540579692,2.045571358841778,-2.0967440647694118,2.1553844923942593,1.6870381111328745,0.41481060132632674,-0.8409022889351293,1.0457657353622813,-0.04578994120267537,0.6993813776095325,-0.7861033484497495,1.086733383696621,-0.4997815300333368,-0.25513302926295917,-1.691733723802291,-0.3873512071098325,-1.2132602842241638,-0.7267930152795116,-0.44352257011841445,-1.5229345167813504,0.720186437033712,-0.2563712194402687,0.5631725860560044,0.1905324245955581,0.45026687079437033,0.5359508839859984,0.41512000302986174,-0.20497926283421766,0.5053901329382449,0.24986737744262028,0.2601468399692331,-0.9339529607985979,0.7291694665522429,-0.006492587163600966,-0.24708761009157829,-1.532475929130664,1.6946779487114931,0.03354623996679228,-0.20113615194148018,-0.6458207687862083,0.3860915085619389,0.02495210943475132,0.2295540582260532,-0.581906067534246,-0.07150497219278784,-0.16549581380139572,1.0123740414057643,-0.0928175672847549,0.12175057321549691,-0.20939162556015406,-0.28693143902373525,0.17820468843396828
PERC_EiJ_,-43.33089039415258,-5.139627618493926,0.5968236621936127,-5.571299648331385,1.0213579854126906,-0.6609568631395751,-2.6480013498656754,1.987246828340411,-0.30774403400573497,-2.3054276662852566,0.10252589453662478,-1.618439433527822,1.344674869945942,1.7771724038265724,0.3833927087831194,-0.575984619616643,1.968318046346449,-0.016229503954673652,0.838726816609942,-1.6669956259347578,0.591279287151381,-0.9096922953661591,-0.5874213563301923,-1.532055249187905,-0.44348566090176883,-1.3615650344734,-0.6442221212080175,-0.30351488142211014,-1.8760516292856682,0.6119634270437299,-0.36589151375191015,0.23814064934331458,0.238085526364578,0.6525285947950894,0.33853779767295084,0.6195869859709054,0.03542182983588064,0.5315117352586795,0.49212447813505,0.39233039573530554,-0.7933086466626794,0.9026809074881641,-0.06563781468188067,-0.13673756633353806,-1.5364210054267629,1.6017502984076355,0.11548506633641424,-0.12812864880493585,-0.5773468620941833,0.46742843447380966,0.04382961333078551,0.27065682485693515,-0.6311496237246988,-0.024686397973896913,-0.10538508210342766,1.0051185757656869,-0.04802567065921277,0.12282471011196597,-0.2106503848889727,-0.2555805472627201,0.17820468843396964
NZW_LACJ_,-51.4812732375454,-4.828548228159187,-0.17936730808047033,-5.491528110631134,0.578455063090302,-0.9243790469090041,-0.7720841352267697,1.5315263618430912,-0.38583197969837313,-1.6697626065992397,0.882926694808126,-1.4364620030272728,2.0365724418713613,1.6531193892553409,0.5459499512593977,-1.383098934644581,1.6541497635873625,0.16883226477445512,0.36660263783126645,-1.3025084604235004,0.5610657039196616,-0.9767333832260454,-0.6042615587351606,-1.4967736543300647,-0.5880080367703348,-1.4247296375140373,-0.6974862043379731,-0.2933876120246545,-1.6054813929145062,0.7243563863046967,-0.5707178314195273,0.5606497822294512,-0.16413801902250572,0.3605144867862003,0.417376393669829,0.40962159974348755,-0.2890143846470457,0.4681482286637781,0.6656615787595848,0.2818132930489676,-0.615688025132292,0.7021660541973251,0.032777706467605444,-0.11104857901978929,-1.658206521601235,1.5780493656826275,-0.07453531465699915,-0.23505391035203135,-0.6139609695243466,0.46676269908656914,-0.054746289700715024,0.20638165820076204,-0.6119610969626347,-0.12492685547123251,-0.09900236528918267,0.8649407599216803,0.01987296800775942,0.06972468608197148,-0.22099679303544603,-0.2883329277644464,0.1782046884339743
NZO_HiLtJ_,-52.68327229938395,-4.978650818350468,0.15817178836624599,-4.7211027548431135,1.1433337926723623,-0.42845770585005183,-2.0392941664237503,1.3737183938730013,-0.8124455598154746,-1.2998059173078902,1.449156090754487,-1.6354549927254276,2.289150905745361,1.9980631099193995,0.42151925833326787,-1.4816439922957674,1.470457325703055,0.6805803372538705,0.6385204374500443,-1.463155248744821,1.2091367771027548,-1.1804115010455565,-0.746748954964274,-1.437292978059323,-0.397213413539013,-1.3158567657730376,-0.8252236842276757,-0.18424650493244749,-1.906324535633774,0.5437578855458659,-0.44948822093367524,0.04518798034130329,0.17924735377083392,0.46574556683106855,0.3890195501692665,0.48797406332923304,-0.3080709404599845,0.8007018443604819,0.4987350043695911,0.414122171924608,-0.921922359659005,0.7653514465995699,-0.0609101515330822,-0.009422267885424246,-1.5688556838188987,1.6438744919195571,0.025868802658151908,-0.0008013289410145604,-0.587933333076342,0.28374938523150256,0.03732681386618361,0.2943364634049444,-0.6080777315480652,-0.06226868763626058,-0.05678556053250154,1.0504009355365331,-0.046066110675699753,0.23284433175210706,-0.17614399743984316,-0.24705573517611862,0.1782046884339757
NZB_BlNJ_,-52.786547059385654,-4.458792833258628,1.014926512581377,-5.730762685551849,0.4730825140877625,0.3794345469112324,-2.24710849427953,1.742748005235852,-0.5702545589343478,-1.675155849149824,0.7835101714685941,-1.2007811873059004,1.9934808202358063,1.5240409204173473,0.7943486453295097,-1.101492824872838,1.191462863990624,0.5122889847304364,0.49447867461078904,-0.9977789997582652,0.581936109978922,-0.6009079391055933,-0.3987266333315618,-1.8729612141052172,0.054375902878714494,-1.2167571324256097,-0.731743740210731,-0.3441444701931984,-1.7672860095748608,0.5991777974287813,-0.48508644120532257,-0.1788036204964614,-0.022990518671062794,0.5616310341143975,0.2941413032670293,0.39211501317044084,-0.2616194186602191,0.6069194799476944,0.6059794780381326,0.30343273328886106,-0.8205810207105821,0.6830497937817831,-0.018331864209371346,-0.19148233483246271,-1.6114268699734593,1.7260695221892972,0.06526508295773559,-0.28580371451275344,-0.45963922722261014,0.5900600263125179,0.15226731169156393,0.23157135481035157,-0.6341084789465989,-0.03643890443531777,-0.09935314225168228,1.0034250338289779,-0.12326861094081924,0.11711035577097034,-0.32110885311335413,-0.28067653150437283,0.17820468843397005
NZBWF1_J_,-55.492542127359044,-4.958581448737218,-0.16000161224792275,-5.202458629517031,0.6692445141613753,-0.3283447554429793,-1.9203025086745753,1.7064363786982566,-0.29276454588479706,-1.6692064674944365,0.6034691440164671,-1.448977959758879,1.6195777155844522,1.9949072578954736,0.5270501451371825,-1.0531504662984372,1.6289282319117626,0.44634580222187586,0.7532485785909306,-1.0969041694314294,0.6645022192533597,-0.6880713686046455,-0.3691028168792698,-1.2980176929516145,-0.4220178252008481,-1.026867503782675,-0.613813509762334,-0.5699762456549067,-1.6201638843362873,1.011780229819905,-0.5915285845053514,0.31338348637906355,0.37222220035409054,0.45276240511804544,0.3497126111155209,0.48595860935325774,-0.17409090194666751,0.6522478687612003,0.5008596508527733,0.2808283417835505,-0.7216705320854038,0.6890161119028049,0.06428083810629757,-0.4103456747937024,-1.4860864855993714,1.8360359152458,0.03198912420736214,-0.20541638819353172,-0.6237211579100698,0.49162474986526533,-0.11404349799416867,0.3582953327583294,-0.6155311243851732,-0.10136693640924925,0.06903839674587957,1.1847835213831694,-0.014928546107209612,0.11584977396699013,-0.1687947275577278,-0.2499936394593944,0.17820468843397652
NU_J_,-50.08998876716188,-5.841467748675448,0.9395274386878465,-5.2186585821748945,1.6186223267275939,-0.35530409429125176,-1.6494801042279237,1.7185799101227741,-0.5096089505274087,-1.6667830461232152,1.0897367718961606,-1.8365492087243984,1.6980162157025955,1.7933947022253998,0.4822848125949918,-1.2093826537529966,0.9366787219240299,0.5887447243067011,0.4532602176131514,-1.6488504015446646,0.7393046714738779,-0.8047736680135145,-0.8398474389161843,-1.7066876613800899,-0.5172064557495848,-1.4089300813518026,-0.9906980211981288,-0.6249179148041417,-1.7267357682077569,0.6191209215079689,-0.5145575792082856,0.3864977091181388,-0.24440603358250448,0.6642480133873704,0.6326000963834182,0.5367416895125443,-0.04162613350387386,0.6447161801928993,0.5239912683302301,0.303380655409861,-0.7372999228390188,0.9703517010983256,0.1457357187861592,-0.20732263086838484,-1.4172917625700412,1.7555988440631283,0.1800078667757939,-0.3407298059772067,-0.5893092480459714,0.5610270783969222,-0.017653660749110206,0.2941596879422387,-0.7346215045349148,-0.14886111999345206,0.010927896126437348,1.0632680402632502,-0.11331487071713241,0.22623963689783033,-0.19271557609580295,-0.3471418593546429,0.17820468843397885
NOR_LtJ_,-51.43159945928606,-5.555328138539765,0.4960323545510288,-5.7276977242126925,1.639350751201953,-0.386295582804079,-1.8228963043237973,1.9716860837393853,-0.030983950017172548,-2.262366276410724,1.6109836698334659,-1.4749502815249858,1.5009672833557897,2.3619447746346385,0.4962423192222797,-1.3856068623278508,1.1214981485025068,1.0372081606047008,0.43881332294829184,-1.372922698650958,0.4543728966160231,-0.6933034087262356,-0.4503555651452299,-1.2804657815998708,-0.42946439165221034,-1.323919754294802,-0.2902176934013099,-0.5724198440637466,-1.6677229513453136,0.9781348642684424,-0.48988894724028154,0.3106242829772129,0.024407545731485313,0.4739952419435861,0.39171128795766313,0.5554592814427392,-0.15378207069323113,0.2932540096680478,0.5421691703377393,0.4252996843094004,-0.8533019723610725,0.9054587124935346,0.12849683435459036,-0.05577343539409037,-1.6681236444938743,1.5585935013028407,-0.00919370623489059,-0.16715908544013358,-0.6149127514898451,0.4382408572843939,0.1526913674158071,0.3423267722894359,-0.6183506017038498,0.05118229189931428,-0.12588230461393657,1.0921270976400228,-0.02909188956084458,0.18791640572383397,-0.28923495112142145,-0.26052213641009103,0.17820468843396906
NOD_SHILTJ_,-49.00020713051048,-6.530479067001127,0.5737782358445629,-5.877593706268881,1.6124331428169438,0.7161343113685028,-1.5031299082219853,1.9033173054226629,-0.21080593493345942,-2.2144748916493326,1.3547002787661808,-1.2197272380887574,1.7446989723667243,1.9974022871639252,0.8416555785036677,-1.2740285503432438,1.3554243875757117,0.6404584343423219,0.6478074404340456,-0.923309324085731,0.8694403736120242,-0.7902897888922564,-0.5820955228336218,-1.736960591020808,-0.68518211180544,-1.5147871442944965,-0.4833735182453775,-0.2931389988985815,-1.967536301164377,0.8122283539153076,-0.6485977607854801,0.2263336235708427,0.034001730869860955,0.617792438583929,0.281380647818758,0.701973860919722,-0.0843772788515184,0.5807582563263943,0.45017210660772905,0.1513262280960078,-0.7189329964876122,0.697848671516856,0.10763618283528471,-0.3366533372995163,-1.2519304929011044,1.57252503979275,0.004951095646371237,-0.03512086853688148,-0.37914388368181023,0.3852153176895056,0.04533130081007649,0.20779168911406184,-0.6080117382229752,-0.12046584839769293,-0.001958656831442042,0.9463401100708044,-0.051281321597991855,0.1260723609991929,-0.18388533228676432,-0.24443057281917116,0.17820468843397674
MRL_MPJ_,-53.88451484309899,-5.19181413725378,-0.23307940883782155,-5.248142034377096,1.5292233626011875,-0.33558015033181804,-1.8768794400094144,1.8967056816596612,-0.405305205675163,-2.046512666141982,1.182133059365513,-1.966869008370432,2.463469820409203,1.6256076419801198,0.4178715926962214,-1.2886340329325532,1.5147290528326762,0.5547274749271675,0.5485801124790847,-1.1778842896190718,1.1083656040917889,-0.7629033435775471,-0.469699168923157,-1.4726035384315488,-0.5319589324782413,-1.4647250864169739,-0.43563728506849575,-0.15366588307373635,-1.6375335082715592,0.6319444584781885,-0.5989790126352873,0.1259966376950368,0.04774948461953517,0.4369047980547612,0.2878847559768599,0.4965686157219251,0.10327535625329248,0.3427437843879222,0.5265651292198301,0.26624949522208047,-0.7467208069879472,1.0756074195496963,-0.06726021807170883,-0.33419958214575457,-1.664088493470922,1.7508853812759886,0.11408343297476256,-0.1142719239318556,-0.6572946340420401,0.5088185386967128,0.09089768154553267,0.39275891093036974,-0.7260031279962017,-0.034230117257125096,0.03998433578668292,0.9349645614296495,-0.20663708187398158,0.043689282090741244,-0.17893261015776415,-0.25061229813124514,0.17820468843397116
MOLG_DnJ_,-44.1097802720078,-4.050820155839453,-0.05203191479313405,-5.592822257140719,0.6703339057889631,-1.5454999709581743,-2.10556378270052,2.1999413988146377,0.15791042169933572,-1.5817064064803517,2.07991289509981,-0.7043887824889804,2.5767410938276942,1.374010340605066,0.758907012905669,-1.263369115530347,1.7967820955390297,0.5718810536647074,0.9554220836445564,-1.306061524214698,0.8621369979949434,-0.501152225210557,-0.717812098719841,-1.8428402797512045,-0.5766146915805913,-1.1585685118709488,-0.5702628292294247,-0.3143694140219074,-1.8090104495193002,0.9700484882878129,-0.6972874287122914,0.2242929587999047,0.05102425713331687,0.4393391556656866,0.41190441298260305,0.4676866158560456,-0.14731842296467318,0.6407423348462137,0.4867834908203088,0.2789869562621341,-0.6999188487058766,0.9555953153990159,0.1711561177676063,-0.16478129389504115,-1.5418251107254548,1.7002117163457797,0.08747579327069388,-0.2066084172562854,-0.5394622793700211,0.4923502410290711,0.08020333758510075,0.2853911542882608,-0.6555025575598863,-0.076920838093838,-0.007710578200492285,1.0764400632545161,-0.05862766594963457,0.16429886503343552,-0.2426226577167078,-0.24899001068028903,0.17820468843397447
MOLF_EiJ_,-45.26968921683269,-4.852081007003587,-0.6812640671243914,-4.863254303232988,0.453839197035036,-1.177939708138858,-1.1155007043023488,1.8666180124206495,0.13540328533962953,-1.162831007656177,1.4773288510930165,-1.7129195567286741,1.800354980202761,2.2816722298611705,0.5574428689420957,-0.8321822065656824,1.2297078669968733,0.11982614139211564,0.4902970053560469,-1.494376341308802,0.9449097263233244,-0.7353878985127472,-0.3736621529584075,-1.3618401127625441,0.00853793455115587,-1.4208465168256048,-0.5386741828264857,-0.6143736514251156,-1.777034122183312,0.6387825988447604,-0.6034016415721976,0.1267324627771455,0.0653957202144227,0.5678362204646652,0.3773287366305703,0.6241703236818502,-0.18083953686378323,0.26648395156953497,0.6525585269951568,0.27085419765572716,-0.7668424687998698,0.6247683157808114,0.02935793356447004,-0.29011189148521926,-1.4398166833059216,1.769007656275205,-0.01324174111552169,-0.060599058375748305,-0.521882178883868,0.4107149899757418,0.09769500597244701,0.26376171838328644,-0.705061838246944,-0.0752548387124272,0.04562367316389932,0.9896417911427039,-0.166238764370295,0.21101212569966524,-0.25062093029187565,-0.29050677030008804,0.1782046884339744
LP_J_,-46.95288005665413,-5.994022824991281,0.7497476924555718,-4.156661570571912,0.6235128686702148,0.6430487900429583,-1.493880331656694,1.119840700137087,-0.7134795532326501,-2.302617366569825,1.8273776416807468,-1.8300226950627736,1.9532494217887153,1.3647017349631412,0.28779612067859534,-1.4378415535418008,1.2301892680531101,-0.11027920688883927,1.2764496991318717,-1.4157744895307893,0.6122286308525414,-0.8882525493627923,-0.11077554848566257,-1.6007602457775445,-0.4664063509514832,-1.163752622638592,-0.38239118910186914,-0.4693385677260692,-1.944416885682124,0.7812429961723351,-0.7011388578806951,0.10043913417520381,-0.04930331737985662,0.4762000655831448,0.30152145580084194,0.4822605698056854,-0.13209781683663438,0.5131772571554276,0.6331235195929529,0.5197485594481508,-0.7052478736463335,0.7740040660112013,0.18812324843447303,-0.24957580379510536,-1.6237751470171313,1.663650815167283,0.0974441147057503,-0.19434374639008714,-0.6828218251242043,0.46957731468131175,0.07728802479445279,0.2838971334682783,-0.6205512754566771,-0.07893109512092002,-0.006206479199272877,1.0154949867345453,-0.043367218504117094,0.1836657623470762,-0.17827346281034384,-0.27578211012828413,0.1782046884339746
LG_J_,-53.73246852681177,-4.978647004159903,-0.4899289158900269,-4.554835158066403,1.6313807795798523,-0.6157664134969576,-1.8231349254254785,1.9083653739601933,-0.3186829704864119,-2.0943258603251937,0.9577415168918578,-1.7740931398826587,2.257869585036434,1.939451106262281,0.35350560266390146,-1.442651340597843,1.8756907147035822,-0.1744966397861532,0.09812706277001502,-1.2689640936784674,0.8220917682325479,-0.804926806416951,-0.5789298032005762,-2.0079198381011145,-0.23819586489447986,-1.2911698541085275,-0.26716362361216794,-0.36437016417703566,-1.8366716947008033,0.825914382050575,-0.4761579525963156,0.3281490683774295,-0.02574360130913919,0.5254367801093913,0.25043750971248885,0.3417667283437236,-0.06480870720001496,0.4518555300123651,0.3038674452895979,0.44127060546780744,-0.9662675854168489,0.7700377532961309,0.21966318327857054,-0.22097203363890483,-1.4606906972424483,1.6336502986743806,0.09020447901703439,-0.0892134758908039,-0.5176697145912988,0.6244821912598021,0.029860719350347457,0.13906170844228516,-0.7205237390257037,-0.06896622887894431,-0.01906757043551382,1.0654449749436894,-0.02415125875929366,0.23511928961861342,-0.2430932008338092,-0.2597777427513832,0.1782046884339733
LEWES_J_,-45.88605429426763,-4.413303626836203,0.11331964890676469,-3.9318023914672797,1.3959246194171642,-0.7405509561653985,-1.6956861903825609,1.1146837778219563,-0.23319543278805901,-1.7724199472260433,1.1303564125148544,-1.8797257286383071,1.593531466267962,2.0816300290195957,0.4498769444812727,-0.9065136820189289,1.2307608341136165,0.7523345329842357,0.57986804612125,-0.8736994614472641,0.5527850542011057,-0.5612694890994459,-0.42399102362869223,-1.5715620362531937,-0.27010479609058097,-1.1277558076092549,-0.3056432423999948,0.015529523532754518,-1.6489396935278533,0.7304030547124782,-0.3908317032473212,0.1199699452666291,-0.13130599219820333,0.515534135289807,0.4423408979268424,0.3716579467505476,-0.20839034282143748,0.6551304980079441,0.6525568506138554,0.10117596220152716,-0.7862891541736898,1.002750848963812,0.15923753712013575,-0.3022963824392539,-1.5885464887599627,1.6974888424276147,0.2064039419991583,-0.024330990896167602,-0.5064893048684667,0.4356658110314206,-0.15434905523000197,0.21243625828720847,-0.6377154078904602,-0.05309254861180863,-0.10518629464513653,1.005899508365084,-0.03718159784234962,0.15899825618837166,-0.21277054758773964,-0.2874162209466774,0.17820468843397258
KK_HIJ_,-51.22171734568056,-5.2751551182901535,0.6348055104809867,-4.762936413274358,0.5922758328340693,-0.21907501648823058,-2.2390160202958667,1.952578916903289,-0.9475555246384663,-1.9787997364900023,1.3332916056803714,-1.2380989630146277,2.518549381998133,2.0508267981809896,0.9317467529811372,-0.262939739175623,1.383434791045176,0.6871181040706427,0.731408607394661,-1.5132278561845438,0.7630301766513973,-1.1319226623184167,-0.35546497354724216,-1.451938530678861,-0.41169912329264685,-1.3853137379442375,-0.5094597051085886,-0.5811893744536204,-1.4982517660363623,0.8607993138880903,-0.9222723625906627,0.34958632615780816,0.0007166567072155062,0.7799405365757407,0.3902211690071999,0.16030191500993138,-0.06634023706914123,0.5815848670926328,0.5381343168378391,0.22881138730668293,-0.8242340526385163,0.8713741645475704,0.08636944381853529,-0.2563916338794037,-1.4724761357775102,1.6437923068052307,-0.02435537197323679,-0.047505315906578076,-0.6678618429761248,0.5486614106985959,0.010578369257069209,0.14406675308097502,-0.6373217669781932,-0.01222952798698488,-0.10767112090165225,0.9664676975233119,-0.09195988503946877,0.19802327429722652,-0.1923890476580688,-0.25768877648093574,0.17820468843397227
I_LnJ_,-47.86456888669745,-5.859145517605618,0.7221696944049535,-4.720534203815365,1.4675061031742749,0.07156303692420253,-1.7561046598410246,2.1371138682868365,-0.7765770593898719,-1.6375566897052707,1.2164650637842505,-2.105325662621553,2.322471422890597,2.0272807236422086,0.24573570763627317,-0.940524232371439,1.71114280005048,0.38019797672187616,0.5630813188298726,-1.4981044331588356,0.8722006479474862,-1.0815898014857044,-0.9027900525777033,-1.6602548402012252,-0.19006608420349536,-1.3030916007431481,-0.34291548162188973,-0.4362653803533156,-1.7324915644829513,1.1215105008013604,-0.3473741305146677,-0.01660425048669091,0.14336480442887237,0.28497154030401145,0.38182979068950423,0.3916095396508547,-0.27728630883893945,0.5172898811295153,0.5745778436663007,0.10806126781753828,-0.5346847818245052,0.7889192610237771,0.24188243461369938,-0.0885091290263171,-1.2774996487624313,1.7225778226884272,0.03363511315677792,-0.21160821440422323,-0.662138505129697,0.49762420765661075,0.053627388456276376,0.3451179902529761,-0.59496918946989,-0.0411206832292551,-0.11852194903927328,1.0206060432451358,-0.10732169792133515,0.07622115465776919,-0.25601725635071537,-0.3057804411239568,0.1782046884339699
FVB_NJ_,-48.987922541835594,-5.200105197563044,0.5778710455172991,-4.894387526937809,1.2499005644204648,-0.752183749753093,-1.284046466542582,1.511002867863155,-0.7268639168643717,-1.6915954258021426,0.9271113727175182,-1.6748101462639027,1.6894487457557656,1.7806854425991607,0.6439756109712931,-1.3595214336050798,1.2298402767843466,0.3353589669448085,0.611180463614794,-1.752767986061983,0.9214069838245316,-0.7282394075264048,-0.5815232316650341,-1.5770295770613447,-0.43634503615097825,-0.968676125012104,-0.5136381286200594,-0.6344782824355721,-1.915258577576755,0.9801734345879074,-0.6419203016074903,0.19206099311499636,-0.21975163704163844,0.5350381221567945,0.41203982768870206,0.3736070529693212,-0.019716927125468558,0.5523521912413618,0.3287970001217997,0.04647892366470734,-0.912122385872178,0.72417205501567,-0.02213352530394006,-0.17011850769250192,-1.5966420223438886,1.5981835633800947,0.18020071314982777,-0.1286107269333192,-0.6213057280891503,0.41379515486990986,0.0064004515424912305,0.20084269378728098,-0.5157645469744995,-0.09692889715878258,-0.01564260074226653,1.0508933527033895,-0.17349647310384533,0.06003220007403579,-0.2940403955649741,-0.11298587929408022,0.17820468843397405
DBA_2J_,-47.66828802207175,-4.6257064626493,1.6222448583162383,-4.514978276719154,1.2316487856981557,-0.5453206426459398,-1.3237622772393203,1.8467067366584209,-0.7806918590305226,-1.317816738310689,1.3877877946182602,-1.7187845442661174,1.4874726085201317,1.69687638113962,1.036811033855605,-1.0994651320991788,1.7640936141966737,0.7401256320649016,0.7398714793426564,-1.0867938753544144,0.989204816253942,-1.1259558319175578,-0.4917732803079422,-1.4065887431574136,-0.2781272181354271,-1.2571888331799848,-0.3465333213578548,-0.5615112851864315,-1.7665602889087677,0.7651460576573723,-0.4334395200310024,0.3089251030448602,0.06814035089496522,0.5087297492770539,0.29961642805368716,0.6660522298086313,-0.07299523604047199,0.6351651900370338,0.2670785401510647,0.11607087502585148,-0.7903068907548958,0.6881720768860969,0.14965699815191402,-0.14053451641737444,-1.775327366099283,1.7054593465091823,0.038927987298053884,-0.10856289931432139,-0.5733212590106291,0.6545963805622201,0.16393440133680542,0.26214230735003075,-0.8208259504197604,-0.13152155370448543,-0.060919571450200154,1.0071498259388298,-0.03079960026788731,0.11841237288113114,-0.1675479379002226,-0.2977995206016847,0.178204688433969
DBA_1J_,-47.64593136739853,-5.796970291695468,0.7827562816899114,-4.753276245820007,0.9320052176311545,0.047206826174391876,-1.1313479962724349,2.0236226170025073,-0.9321214459480809,-1.089929979761321,1.562716908451112,-1.2874939841935011,2.074476492784106,1.7093541387524225,0.6517336496766261,-1.0613862853959335,1.341828974867229,0.4210107322464665,0.4754271778900052,-1.4441368620221484,0.6825537459648428,-0.9683191969641528,-0.4700034714599759,-1.631816123917948,-0.4048687291427907,-1.5170220689189706,-0.37684033319784893,-0.3905432697541498,-1.4723205073969337,0.7500080969805101,-0.36217488494571337,0.34993535067132653,0.23203420349948978,0.282185292993781,0.4573804765957808,0.24079656634567762,0.14502247329355808,0.43292170376230693,0.6532396776068395,0.36560435443710787,-0.7369142232697011,0.812957979744434,-0.17124165325579743,-0.19497132929612135,-1.5384433504801103,1.5872693135431528,0.2698547911785551,-0.10301381423903594,-0.32088780625903124,0.5337681587411225,0.06555787568574632,0.26858632930600307,-0.5626112589485249,-0.1075671114886402,-0.002028376682513943,1.136447890267611,-0.027742159665698526,0.13602026917220442,-0.2110609117183779,-0.26831407148372083,0.178204688433977
CZECHII_EiJ_,-46.076824290420404,-4.39634714915346,-0.06129166683087663,-4.508156808739976,1.4698871271093743,0.04930508425700841,-1.552506054209946,1.2565104773764686,-0.3896310145901742,-1.263435631207492,0.9854296018908407,-1.5397394211293056,2.16117974175124,2.071019691606457,0.7697110579758338,-1.8901596591193586,1.5418971899281864,0.516516467618343,0.6985980544106892,-0.9924124674627498,0.548700399418495,-0.778660666417129,-0.5883471091185821,-1.3895278807242901,-0.047607866359833106,-1.431875719639829,-0.7819837526698059,-0.41049401154316534,-1.7457733721129451,0.7898508477927487,-0.8146447243776149,0.2563090519997895,0.4945629635171653,0.6856027218593852,0.6160509773503676,0.46528404055309214,0.03208949009352519,0.4329574951287332,0.31882268527702334,0.3778666695368086,-0.7909605825575353,0.8858922443940161,0.1800450724510111,-0.1736282550118761,-1.5045205207215835,1.5777198368575387,0.11883325746154537,-0.1815947185071681,-0.6546523458861567,0.5332786528513441,0.02132910616914281,0.1752713801914047,-0.5246684581590264,-0.07998557789214401,-0.07870638307649075,0.9848663213144986,-0.13439009643532532,0.09779794613095984,-0.23480334638803188,-0.31739654299767134,0.1782046884339692
CBA_J_,-49.06375787741009,-5.515012198258586,1.484779823978241,-5.967627986616073,0.07914125292939048,-0.5504298267371995,-1.177568195380979,1.9470316269602062,-0.6752705979212228,-2.0401591353441817,1.0693047822574537,-1.8333810984630547,1.8611681106019708,1.3846250019064152,0.9954621402022068,-1.390677319471108,1.4083892295925446,0.2917208706449199,0.6872247050491305,-1.1356494307898914,0.59497539309919,-0.857294796803878,-1.0898790966690168,-1.5256102612628935,-0.1607672494483448,-1.2845669591259006,-0.4163257072954458,-0.5801464258421185,-1.4476416584090983,0.6603410948742392,-0.5390003470762414,-0.10518839578246471,0.15204473250798745,0.37030739337036084,0.3223110451873239,0.42181317873808694,-0.2199666898409598,0.31609124608759465,0.32662175108577185,0.2552350571235386,-0.8060345094497043,1.0082204785153848,0.07620488114971073,-0.3407504851630768,-1.529518435145741,1.556202281605197,0.04592225008646573,-0.08521383477429108,-0.6326999981880175,0.3938112620811251,-0.09578379714695502,0.24393369450675131,-0.668486481504014,-0.11501505646682399,-0.05138631363001555,1.0322518048315457,-0.0749981195841029,0.24853333479832662,-0.18415394289176457,-0.2390681144036839,0.17820468843397574
CBA_CAJ_,-48.67783345069222,-5.652654449253495,0.6822805080484141,-4.685041474435912,0.44317993872370487,-0.48852357813222674,-0.917218953072933,1.4683736125052909,-0.889418282758222,-1.5409462154764808,0.8580112752035552,-1.7857791363739186,1.9987330005883344,1.6562224735664048,0.4777475264243291,-0.8301058263014885,1.08730961710689,0.294409013576944,0.2518814177907956,-1.3534611514268906,1.177483650196832,-0.2269746596095536,-0.69591333609695,-1.4431902863030037,-0.3256916082587358,-1.419703867914615,-0.201790816323564,-0.32773933044538006,-1.5254495173365612,0.868232057154828,-0.8011441608624776,0.22982368307443807,0.2558662284489269,0.688417534640043,0.3299461761397691,0.5985343016060115,-0.09719934846251381,0.8007280452112018,0.48095662536278394,0.511844986926414,-0.8639007468604563,0.9210810371353398,0.17420983019906167,-0.11653758024399566,-1.4601088061313119,1.63310255475455,0.02797652813102011,-0.28075744957311455,-0.49058986610431493,0.45101646691284,0.07460237908125657,0.35259873746832815,-0.6889003586117994,-0.0725239114271264,-0.09716056247552222,0.9755120146957293,-0.018045453290001037,0.10988226049669782,-0.23120629480254706,-0.19825678738036076,0.1782046884339763
CB6F1_J_,-50.51757279775508,-4.832594302781721,0.5884615622017382,-4.720494098237069,1.066333291511,-1.0805226283687435,-1.6375925522887247,2.1100019443166684,-0.9826342200757107,-1.7314793965919857,1.2712294615137854,-1.8692460870520988,1.5538270051902665,2.030264061683394,0.8311686149623977,-1.0492806180423142,1.641270596816773,0.29725440779833623,0.6998351809053563,-1.3356275696520497,0.4929537782262062,-0.6653522974789999,-0.09975938667018494,-1.4602761414600358,-0.4483105070492787,-1.7518714719614605,-0.6312993807967231,-0.43812626651219466,-2.0557529214226324,0.7198554019170407,-0.7329684827008569,0.0691332899089858,0.049982971177787106,-0.009838433149667172,0.5440534171948699,0.32384751693062364,-0.1855170668940288,0.68304296575693,0.3733306245333262,0.24130236465672833,-0.9804227684122304,0.9600668011054673,0.13509339725740138,-0.2648841090981028,-1.427688295076512,1.5743518321515027,-0.04920244375101595,-0.24470078387007155,-0.45460015924709163,0.5270197241705153,0.0459919829642613,0.3522794793125906,-0.6058453141059854,-0.05339211199919614,-0.03894821134193301,0.9822334000564813,-0.1139967515765689,0.156478439453091,-0.19968854852225024,-0.26556840834901013,0.178204688433971
CAST_EIJ_,-43.836098081054544,-5.025584346031862,0.7568202838428105,-5.487041020822288,1.1868187296845505,-0.21265030124874312,-1.5926851359807812,1.7663463389236438,-1.2338081192333819,-1.845830817399378,0.9258448718863315,-1.5199458211184964,1.5828152606294086,2.2794838750967292,-0.19958867662682414,-1.3356859119108861,1.729727106833369,0.7650878427296935,0.6965403008082502,-1.1273400845533497,1.0044978727790472,-0.41780484830822545,-0.8554199908863669,-1.8003507987880385,-0.20258735695078114,-1.6025504316596497,-0.5582263265167804,-0.3987535030607036,-1.7916871933493996,0.9973233167450856,-0.6884098032037909,0.3685118254352923,0.00434925821783848,0.5084687575926727,0.29382817803305944,0.12991141494682476,-0.28005823955410003,0.518036957466354,0.5925628592318606,0.34432742796421256,-0.8589971275234058,0.7313053180572534,-0.05707342368943058,-0.38846707228879274,-1.670424939225782,1.6482833673792001,0.002644543450729608,-0.17703917148718823,-0.6431834362433027,0.4931029269420358,0.12429289219156667,0.2579279874150756,-0.6545115333772674,-0.1161641204287843,-0.02272092884919399,1.0346726845818,-0.11386614339787639,0.1760584469203668,-0.13504107331520346,-0.2644047906740992,0.17820468843396864
CAF1_J_,-50.534840328800726,-5.295297267193633,-0.35340916009948475,-4.606144902950121,1.2526634273220378,-0.495199189771562,-1.42076796323584,2.502475991365916,-1.1861422749968722,-2.278844996306428,0.8024975458593742,-1.625733829625366,1.8529487188985474,1.8612620468395296,0.9439107901074725,-1.471528814776835,1.6993418095811783,0.5410496288587109,0.9057964423813981,-1.3834586901805455,0.9345560859605908,-0.5863735900996457,-0.29140252307608916,-1.6497093006293657,-0.4072121479286613,-1.4636491575197508,-0.5004892057891803,-0.3546797703705906,-1.6312019019913164,0.6559424300438434,-0.4729132361783718,0.2102747657205261,0.1703599720739839,0.5261895653827574,0.4552858252097108,0.3891148377304765,0.07801534568133166,0.5652432853869751,0.6315685832451674,0.26130577782259773,-0.5879179184301816,0.7472891882634047,0.21628730878192073,-0.2183811828811249,-1.614447690957403,1.6897098013376461,-0.0034412403281009448,-0.2345117156377459,-0.5354507337458185,0.25330626040836635,0.034654796396558586,0.1687387212749024,-0.7623570017663045,-0.18448840563891694,-0.21195439544971176,1.1149051885036014,-0.1668044720033789,0.19331526362541224,-0.26855210718629635,-0.2428213159303633,0.1782046884339745
C57L_J_,-51.09326900413536,-4.460040586239273,0.11705591794690808,-5.13968613380274,0.7556254205480561,-0.9986780230863492,-2.0692969379650386,1.8077721127234867,-0.7671920586345057,-2.5151241847219112,1.5075535535638664,-1.6401264088186231,2.3151947719001296,2.1331351284621785,0.5374123102712057,-1.0830591617413245,1.1094354540032414,0.3996969587650906,0.5460774630476843,-1.1478791510431468,0.6108498629660557,-0.7085251994666777,-0.878353634237292,-1.363382544304051,-0.14934020914137217,-1.3648564502388858,-0.1703568682007665,-0.5498754628001234,-2.0419800247915534,0.7114478784710148,-0.37646217177134783,0.19164852446005692,0.19996278966597808,0.4389180879795396,0.689607156903698,0.459128914079603,0.09222298961424014,0.7989367675806684,0.5609590959822475,0.2208450672721775,-0.6706276952618423,0.6878926255154073,-0.05234011715915914,-0.37541737632339556,-1.546014478995966,1.5106224510101738,0.16824975174695847,-0.24755524803170423,-0.7013859781245972,0.4453801529186162,0.1448975606815724,0.20205405306169155,-0.6750674432528014,-0.11694850253590072,0.017900104382734826,0.9502693726791495,-0.00440560601136634,0.15950792314020915,-0.23431706874262007,-0.27204267145609917,0.17820468843397655
C57BL_6NJ_,-49.28895267588834,-4.2411196713394315,1.3928009461275033,-4.927415356276393,0.9772796552411022,-0.8403010512748674,-1.8126462219515576,2.1253580295031087,-0.7253778915035372,-1.4092098001111637,1.523390562849052,-1.7357596539400217,1.7824154646869634,1.943486307846665,0.3849763396416568,-1.1739743540857759,1.1618272213382845,0.2684419684311746,0.6276060463685316,-1.2578441390321826,0.6435765873753018,-0.5789664847732453,-0.5974478738467728,-1.4509349531255327,-0.6863629329997439,-1.5104887438101866,-0.5808226979320723,-0.1280023920427853,-1.6598087032575064,0.5124066035737052,-0.4932884038069695,0.11688683461773984,0.013141068459990437,0.6764961754819366,0.2629926117203936,0.3396149146277423,-0.10256405563605998,0.6170681640754089,0.46039746744525073,0.40318408035087616,-0.6330817880603835,0.6983156977856646,0.17684494206097942,-0.28389565800756217,-1.4561761738469787,1.4074447158409555,-0.07722586153191197,0.028902714837684747,-0.7290914056376377,0.5881867653496301,0.014161499492458618,0.3009340215194494,-0.6720391086874986,-0.12528894865110582,0.010707951722434269,1.152009430268685,-0.1161934099883982,0.0692928256403138,-0.3154891144409091,-0.2828597558315789,0.17820468843397583
C57BL_10J_,-51.409330054036715,-4.42102878867889,0.8790893498080594,-5.626408734003196,0.9819780135445415,-0.3620559545779327,-1.4532791423712943,2.3282254741342556,-0.708312072965845,-1.6206829030568195,1.6050106160169977,-2.392221358220207,2.0213223194273695,1.6390066503397935,-0.20600967549878282,-1.1411978065447719,1.4993859294966247,0.6831618659045368,0.7392827173277361,-1.6739380674847788,0.45609880641520034,-0.43802250006698984,-0.6327616991614713,-1.1183774887052953,-0.5295090744784873,-0.9693057887047304,-0.4768212260149976,-0.18609350328482085,-1.895836423469798,0.7560670946111844,-0.7447746349559288,0.13948298489763394,0.19968930620648834,0.5342423030456128,0.35530065309889236,0.39819643222575046,-0.054200813821302304,0.4731611063372448,0.3721493351971583,0.2557905137935819,-0.7230438482150985,0.7940857469185945,-0.008106385193906353,-0.1700852087294137,-1.5013046792135474,1.7687452924923517,0.0047897088561957265,-0.1639117957400042,-0.39221141375076773,0.5091772839799487,0.059385965559657805,0.03575300281057955,-0.6540064980759555,-0.11140872729263855,-0.07606776606932406,0.9986187933680966,-0.07157726392845962,0.16507030818508978,-0.1979579376407794,-0.3116059232726429,0.1782046884339746
C57BLKS_J_,-50.548752848238145,-2.8182094108109785,1.227229762630997,-6.488723682195906,2.805595911147236,-0.41700484787552017,-0.776756152654037,1.0095110952523993,-0.5656009299640774,-1.354162634706493,0.8347726027810917,-1.3324936980207416,2.123572894967561,2.246563676166376,0.8233884235932565,-0.855051820782512,1.229932078547801,-0.04666264625483717,1.0733135265358131,-1.315580522363747,0.9330241442270653,-0.7072821825982437,-0.5278086080870024,-1.5998528603930064,-0.48352949684022967,-1.1546408924794607,-0.2456827093097055,-0.3646492334338132,-1.7820586057190737,0.6323889766248868,-0.49905096654401354,0.17182150540689692,0.13440988858766567,0.43839239222200554,0.4951620275040972,0.33755544934588644,-0.07763298124317597,0.5235862008511951,0.55921262886981,0.3444840314913697,-0.705425886937594,0.8700275382919666,0.08724985180230763,-0.21839282513172456,-1.4963706912835841,1.7282222307505133,-0.01973359353313386,-0.15463980796047921,-0.6081274332974919,0.5225629091492567,0.09889488634139558,0.26379117936619656,-0.608191477673766,-0.090753884960464,-0.09329535838862595,1.025476098520115,-0.0813702580798223,0.2082560163067683,-0.18927935699421286,-0.240789700321765,0.17820468843397513
C57BL6_J_,-48.612406929770906,-3.1167839421642594,1.9190561013343175,-5.538383947724518,0.9735606419317601,-0.8998024485080042,-1.7577406533183444,2.2154468229244597,-0.6434778916283166,-1.863352037977557,1.4492627060000236,-2.1536673943102724,1.9986503509383342,1.5250816097164288,0.6787681479859713,-1.8473029260842575,1.7766655148956667,0.3724635941896859,0.3793726792297176,-1.2735347730891988,0.9242075444505273,-1.0885645951266392,-0.33779968563390766,-1.3442721991643287,-0.14752656290175004,-1.4126293155581513,-0.341373834378625,-0.4067811985930469,-1.8191652225959154,0.8901187539271153,-0.5316933492600386,0.35547752721119,-0.12143711520434342,0.8438451886193917,0.512372906238626,0.4477400930149822,-0.06856132396439987,0.6363206220059269,0.6230235090137571,0.4037099590867213,-0.7249283866376732,0.7859970927143587,0.02688777883549799,-0.43733429239160615,-1.4236519319494867,1.7416356486354996,0.048775933058286244,-0.15681507109250478,-0.4662687465541886,0.45302493871093663,-0.015488954133939845,0.3741301255262125,-0.5346676506886274,0.00029016473561291507,-0.13425291217284063,1.0278733530587403,-0.08356083639349615,0.16151341430691563,-0.2152772836014518,-0.24693792820762492,0.1782046884339767
C3HeB_FeJ_,-50.744708224457,-7.084537639040733,0.1393808756737251,-5.908803168282173,1.0454859657895579,-0.9277427150769382,-1.9087699468137402,1.491231929995799,-0.7008301361068433,-1.3224330389622847,1.1342886126861276,-2.205573339939289,2.07673849878021,2.272743956313064,0.4988937967449924,-1.3581146085981943,1.6895493853117556,0.4476805334235776,1.2203498584271482,-1.221052765164547,0.6506267841641152,-0.7107320140696527,-0.3357456216930949,-1.7827932104862305,0.02461366840828035,-1.0426703603400185,-0.4966820374600696,-0.5569017905034388,-1.5741935924856805,0.9601666463394872,-0.5730042639133439,0.19857340255721925,-0.12405147023380057,0.5863416696546395,0.5540133008688981,0.43185101646715945,-0.01155323901762154,0.696333638533983,0.4687857038843786,0.43857405414637546,-0.6822523430237785,0.9635080042693902,-0.07028594207296007,-0.18278441546253085,-1.4940389481530911,1.5575604171317068,-0.0563704848022235,0.008429477112182454,-0.4662142035679297,0.4932745236237936,0.06701891439886792,0.3300912324221716,-0.7066912499054335,-0.20174964707588577,-0.04252852805448451,0.9755287331261394,-0.0455330768350248,0.11715680851657975,-0.272280328514182,-0.28560173536641625,0.17820468843397952
C3H_HEOUJ_,-49.76292385057677,-6.07309424853104,0.2121856075169961,-5.760364828791691,0.21311326160831265,-0.11348403490434036,-1.2479893092790493,2.28001968013364,-0.7872882375021978,-1.5521603296823028,1.0581909568827395,-1.7499923081877646,1.615813971790832,1.9272530511864878,0.8065990194318258,-1.4948744224186659,1.2358954488068479,0.051596893447057084,0.5360129555282838,-1.182072949692114,0.9313666972017692,-0.5733761391187607,-0.3568471695223633,-1.3961106091206925,-0.30492754742665046,-1.2258843036637062,-0.7761904821497259,-0.04558590076185629,-1.9818523482587274,1.0062669637596455,-0.4550232330646002,0.3203729517808874,0.15531016764722963,0.5721413372599118,0.6330367346099761,0.2916443838264509,-0.15416887069492763,0.570758915640518,0.5486117629298021,0.14326302566907556,-0.5537411266416868,0.9118445936214188,0.08947757107793171,-0.11765799405421122,-1.5024837791629797,1.6299901713484457,0.13496952808671042,-0.019605516511772232,-0.6468564223035189,0.6204120130451807,0.12684262562541412,0.2504849121715013,-0.7477196117276345,0.07131660111242492,-0.05115985860424809,1.02032996544901,-0.06508819152266612,0.2239428288034066,-0.17870837832590158,-0.1858777644990526,0.17820468843397008
C3H_HEJ_,-48.95246668898591,-6.746435634503807,-0.06997986899961046,-5.687619210732935,0.3770124953234682,-1.2758061169976531,-1.4555107735279573,1.9784891809024694,-0.6701228626654039,-1.226228338959794,0.8574686548427882,-2.3595352665404614,2.135940727909453,2.2994617447739754,0.7442023306146189,-1.1931930391596024,1.3701840547814605,0.6794532105024962,1.1016076780658988,-1.0556547490822004,0.8683190976929362,-1.094010172929755,-0.7036135876883037,-1.685642249836228,-0.5804858391992329,-1.2818694892098519,-0.3839609821650123,-0.0884691421537871,-1.757781863341067,0.56092267408423,-0.7169054672441773,0.16327518587026887,-0.05093954498401848,0.4856982547665942,0.43613582383597727,0.588220201541109,-0.07253230208302239,0.45306037264623983,0.590364021269301,0.3548447952269622,-0.9195641054079445,0.6856306401325729,0.15523610493455695,-0.35990583589635733,-1.4853304444649975,1.6594085425112468,0.1604876487449155,-0.3019168298228226,-0.6152558477561885,0.5918357262041489,0.1235109601683089,0.18453065523120796,-0.5664347364411261,7.428100496872953e-05,-0.13528045097688507,1.1112709328665107,-0.04218387757774352,0.13194383579654853,-0.20095157959545112,-0.23571939602968472,0.1782046884339729
C3D2F1_J_,-50.272865025532035,-5.981563047334508,0.600088753062954,-5.033918896549492,0.7238722818909477,0.08292167469985441,-1.2107173865253902,1.7265167108882205,-0.7328199269230515,-1.0256107797731029,1.4432200848280543,-1.3283261606472039,1.517914975793166,1.929180728060764,0.4425988261786946,-1.1725364709582058,2.0822914220176822,0.09410864311374442,0.31745721453166925,-1.3286964947781588,0.8133183215497842,-0.7450048072814557,-0.636696938024933,-1.6596457618477372,-0.7032458809216847,-1.0780259814454116,-0.4258523972823414,-0.3607188823530002,-1.5796997398481274,0.8276191208613144,-0.4730331873607342,0.04927939498095741,0.028750903681148358,0.5723008487190736,0.64977219310555,0.5426971272042045,0.056426112478653125,0.7154012828264361,0.5349806094349825,0.21615940367162723,-0.8764771875267218,0.9451552798910962,0.06368921716539105,-0.45248063873685174,-1.626004475948858,1.6525615938796743,-0.0923568141159473,-0.1692362338981466,-0.6524212832550205,0.38149086611896804,0.1574226924962557,0.1803196700224456,-0.5812035267362171,0.04726712094582458,-0.0242870717887786,1.0166629492858166,-0.10053716377086697,0.17999897748452176,-0.28142415135820975,-0.3609056350694238,0.17820468843397172
BUB_BnJ_,-49.37497813571024,-6.066043820897451,0.5870006499869476,-3.93903565988855,2.053381324010005,-0.40119769562757934,-1.6141218868788416,2.381903309783755,0.2174336709479628,-1.7572270219647455,1.450810413230961,-1.7462492893122847,1.818973909704346,1.9694518936383012,0.6354630618701612,-1.2978380044134241,1.2904499005663652,0.1398230140502853,0.8604302442433123,-1.4019416984650732,0.364634264680692,-0.8242386209627361,-1.0875423849795796,-1.5249220805803954,-0.21942554717152385,-1.2890476263651647,-0.7474962775882353,-0.31426127640462037,-1.4688611107248042,0.6925208556377179,-0.6472755957750838,0.2634206173742171,0.10114740799765817,0.4194642997222846,0.40046455037325535,0.4071733170894776,-0.08075223557772046,0.7595192979695752,0.501543942116237,0.3619603739685617,-0.6679485311081362,0.7447026227655879,0.04497374006388404,-0.4213233740238434,-1.647636793102437,1.7580012854024216,-0.0710158918645685,-0.12374830316931171,-0.4791662886309442,0.5506009311530545,0.13290870913892514,0.2849758224765899,-0.6313025580037885,-0.0015910330156847906,-0.10500409972952023,0.9703270261625325,-0.08662618306010553,0.16975446485174564,-0.2173303382469486,-0.13122931454202452,0.17820468843397735
BTBR_T_Itpr3tf_j,-52.27645753736813,-4.983047115900631,0.26491801432285306,-4.479681229357427,0.2015053313629217,-0.7101323102239946,-1.87482421251542,1.2441680414151757,-0.5813381456871775,-1.5680341886381493,1.6848945860959246,-1.1876515590820889,1.4270443664599446,1.9938045847717325,0.037768111119730205,-1.6836773211877387,1.383568294957508,0.5247021550108539,0.9414419298242728,-1.4686291734924504,0.997502048708535,-0.6145577819128099,-0.5888694670877548,-1.8580736730110838,-0.5158320615820136,-1.3994264993528085,-0.3605367315571899,-0.6286541952470368,-1.7768914290985953,0.5165562297240692,-0.41563145868921647,0.2178821472009586,0.24910502568807763,0.5657637434966701,0.3770046402892703,0.47569917616790147,-0.0031798305330883138,0.44350914889993115,0.5052842190828261,0.10161593881448154,-0.7338908374163827,0.8879212345546648,-0.0652745906860716,-0.2703357393703025,-1.3700670232467649,1.7071805746533275,-0.03240787449293238,-0.15236208028995132,-0.5920798494761234,0.6756970573769163,-0.021042699646024086,0.3077790213044101,-0.6218417352875519,-0.07401818034641651,-0.23817941466091352,0.962334722878314,-0.04815665773337865,0.17452946797739796,-0.2322282265329533,-0.22050135335483997,0.17820468843397502
BALB_CJ_,-51.38668955826385,-5.749141745423429,0.10824137973001428,-4.904716120278644,1.8618504311413084,-0.5864216004261693,-1.3885457197862983,2.0715863599790074,-0.8552530309544304,-2.0767497554304177,1.4867433726198802,-1.7927635275910248,2.0251490714426885,1.7031660324546871,0.9009404107661296,-1.1300085942166784,2.0810648504046227,0.3930716145985434,0.8796011309862489,-1.3918693127888135,1.0308168969563856,-0.04036508388425575,-0.6963826696247924,-1.2949345204655307,-0.38954197066443597,-1.340053879890164,-0.7182450243901142,-0.7148212045928332,-1.6008320260540383,0.5934033752569743,-0.4625983630627629,-0.07383099875439443,-0.030665784113753803,0.6947670861493733,0.5630783549124566,0.42610720988480394,-0.19037434647197696,0.45181379202902766,0.6896795026257678,0.27134131686239493,-0.8411136273151458,0.6759063583022653,0.14519594991451604,-0.20101250298677986,-1.538061725983398,1.582747134454617,0.17302660732248193,-0.061053117578029927,-0.5459130182303137,0.5934175560835311,0.03961539608609793,0.28813905491774505,-0.5459797407369285,-0.017411000138981864,-0.05332187013291093,0.9972178575266235,0.01633908704914345,0.12539942857725833,-0.1667566878715523,-0.2821245365940145,0.17820468843396803
BALB_CBYJ_,-47.394359996573556,-5.517850103074578,0.49253162556746133,-5.2304267533059745,1.8017174772262428,-0.6444181950000156,-0.7119966227767809,1.9224111151601613,-1.2554903129650894,-1.9485032219079654,1.2998507486103439,-1.5731429006021733,2.1468905162765974,1.5641733101691517,0.5359043570018752,-1.1592485524657283,1.5939723721769452,0.8750782545884286,0.6899745763269051,-1.453225914037517,0.6641875831881436,-0.6098721396424508,-0.23139251836730929,-1.6977450293697354,-0.090894730593705,-1.5236491009994562,-0.5830370425233696,-0.3281357864675778,-1.654057730093417,0.7658299915224599,-0.44383248364187916,0.22997769245739513,0.07222136247541665,0.354986403889583,0.3488714618207982,0.8053967403235883,-0.14913518559394562,0.6829819921001159,0.46109236209706916,0.4090929817190166,-0.7144478415226743,0.844322003161755,-0.13610833571037287,-0.28743986926676596,-1.4114780863519,1.757791704461897,0.01508031234470084,-0.11354903506187625,-0.7762276240547745,0.5827620802477029,-0.05869164522149003,0.10138898876470374,-0.6289940351947548,0.0317884156363548,-0.0003556987017375274,1.0332628274188718,-0.040301222684020505,0.1777561798300445,-0.2963359543034322,-0.21723294881646926,0.1782046884339817
B6SJLF1_J_,-50.83634501943491,-4.090823775085448,1.2087190049384817,-4.5459402258928865,1.3276782744856297,-1.084108611047024,-1.8775129033148743,1.8465041169465728,-0.7277370662045505,-1.7217345218244837,0.8986197586156345,-1.9907121234151017,1.6132159340204801,1.8388039051524074,0.4346821767199288,-1.4294218188191476,1.3984964967342894,0.20889007982693547,0.7052622225913519,-0.9043127949313244,0.9068471968606248,-0.8172406711134039,-0.4956419890553522,-1.5902180360797813,-0.5679365617655081,-1.396094164999433,-0.744331434874012,-0.7308334807672487,-1.542201066456545,0.7607519277270917,-0.8207522016453505,0.23307528939759606,0.1085921326687936,0.4214330314671683,0.2387237196077619,0.43418382065209066,-0.2195372393069204,0.5369671301436049,0.633018887713666,0.23155510354803666,-0.6716548777983948,1.0088665129811056,0.012940873783568054,-0.23824669241304167,-1.3678140454605996,1.7345129839006472,0.20878710510040993,-0.062127390351004064,-0.6015375147551545,0.37521734325362815,0.3093858459847656,0.11826221895321924,-0.6510724908026325,-0.059445481479380835,-0.04010993543196285,1.0276436651635878,0.03904845389196149,0.130546057241433,-0.29253335427246074,-0.2614971289006025,0.17820468843396917
B6FVBF1_J_,-51.38412302193521,-4.80557199466089,0.7387998182015297,-5.073798841307795,1.450226374334132,-1.0853149322723283,-1.2150447228414682,1.6704086479433569,-0.7012116719635099,-1.9946114806837691,1.2170685786673654,-1.7251178502308904,2.06455012369154,1.8460744030199587,0.6371630731208043,-1.2390763571982486,1.1149112550665052,0.05731321578561102,0.7592430948440265,-1.4257478416577412,0.7457942559723172,-0.645421132153615,-0.6529028642206198,-1.8231045360416314,-0.29998986336800687,-1.3681709264438309,-0.7447134202241854,-0.26133381254392,-1.735684889616983,1.1660805379808168,-0.9195994421316822,0.11980843581387647,0.14194068260804582,0.45512651831608775,0.21639070719098485,0.6375596548496463,0.1038063995182767,0.5943058585591169,0.5535104235863043,0.1054060931047578,-0.8006321864548623,0.6604937568421888,-0.1064674604495001,-0.2650278098700491,-1.5980334629502733,1.5421841627656072,0.11142906361084517,-0.07442654413685947,-0.5652976767481463,0.47996978481822045,-0.017711212728251373,0.3524861513507396,-0.6928148102866434,0.03257107170548559,-0.194690268289674,1.0700468014201727,-0.06336830102495164,0.17933423895600795,-0.20331319494534203,-0.40071387518414964,0.17820468843396672
B6D2F1_J_,-51.28035077596195,-4.69456857781663,0.7687022147003642,-4.976695475551245,1.3390235722993382,-0.5806364316313742,-1.4619677238769866,1.9688916806646757,-0.5737766686351987,-1.0261396414944066,1.2314922335240686,-1.3736373244018167,1.572454405617828,1.5782782576281464,0.5051764974019821,-1.1043139139035112,1.5725618191458268,0.7357473197235201,0.9223802590215151,-1.3043479120503074,0.630127525868595,-0.7859839633994686,-0.5735403060658635,-1.5872093632354065,-0.5777824472027419,-1.1561492254381127,-0.5813290837423167,-0.3721338209088823,-1.7249764569555939,1.0046045825120713,-0.4506239484971867,0.15997532827818806,0.12266265181883847,0.441903939414192,0.5002464497699372,0.29888623916186047,-0.08455847559882923,0.4522868084728031,0.4850501145090917,0.5878781458958156,-0.89241514041472,0.6097854052262354,0.08857895521462943,-0.3625004205522335,-1.337039106943041,1.6083187740499614,0.278353314098663,-0.1361617033050284,-0.6419081229450843,0.38965384540138276,0.00741047016044105,0.30157195995479763,-0.8578907369092679,-0.008818504065253323,-0.11413521992393699,0.8629401707263504,-0.09562811602862394,0.14645045581750676,-0.25993459092159604,-0.24523295290889024,0.17820468843397236
B6CBAF1_J_,-50.544601375439804,-5.186086884333148,0.934622471610464,-5.042037668471888,0.5941748235433377,-0.8665136301000099,-1.5828866998926483,2.344944610047955,-0.8735847488797358,-1.7327655107833835,1.386615409051732,-1.3144667168766508,1.7282409856582697,2.0809339774680753,0.6919815350477777,-1.2706810843855323,1.2352650839851222,0.17615986469038017,0.5926077111915315,-0.893099820740933,0.5591201813790565,-0.6335073842196833,-0.8423222900989928,-1.5795696570142779,-0.4044145666670693,-1.3826308618988603,-0.4986648589741884,-0.562500326412036,-1.9155642279719074,0.9696006206811322,-0.4525752229206266,0.10214032902828961,-0.06132008250763551,0.4038619520474342,0.4234323452993631,0.5399927075176597,0.1636486975629188,0.6038921509025124,0.7161215198708571,0.547841080810752,-0.9075252072700846,0.8510821656146719,0.09843894516643754,-0.036535909577993526,-1.4933459678881986,1.912253529143906,-0.0031942553416319194,0.029776967608706507,-0.6439287735980201,0.4992679775320493,-0.010619758676877892,0.14204568705737172,-0.6106516845556604,-0.09768811693777303,-0.11186828526562122,1.0216585280220458,-0.13805625626719314,0.06497278553842882,-0.1281652648583174,-0.26923344311976405,0.1782046884339744
B6C3F1_j_,-50.63652632812734,-5.411621214702183,0.5185449004660422,-4.95382235793372,1.007632620646218,-0.9160999759036274,-1.6537543023637684,2.0873094203745937,-0.8573732675262944,-1.4973324880848622,1.2203685569940064,-1.9817376692726816,1.711795348529235,2.225979068520478,0.8092521463301592,-1.1733072525843666,1.3678240895234788,0.32274831154337746,1.0861111471743026,-0.9813027751629805,0.9036057367526031,-0.7197216204372452,-0.6831818229830141,-1.5860092245165514,-0.6743079892591112,-1.6276131708498085,-0.436807944064961,-0.45827258721724257,-1.7591303283839783,0.988014955679387,-0.3829055776160047,0.13664699724105558,0.12499960558813177,0.7014838793742727,0.1387291301208354,0.3281466253372713,-0.036477685016109096,0.5899540508875777,0.36963030403449315,0.3640408051938086,-0.6040642162719048,0.784370212935503,0.024272393626364037,-0.10188668377596032,-1.6836081187578966,1.7550882408133912,0.10988304575143512,-0.25667464121296796,-0.5043744652617786,0.49259112199296806,-0.08790902791661574,0.24944977934472656,-0.5214083217645212,0.01825313530943514,0.07647562510089206,0.9020836964133556,-0.0927168904351214,0.24810298582957638,-0.31622737484382446,-0.2955488784720672,0.17820468843398168
B6AF1_J_,-50.25302419198312,-4.326279054977427,0.4056560990501163,-5.025135758299639,0.9339624485469167,-0.9222527667296061,-1.2754620721881953,2.3889612671668377,-1.153355089626277,-2.0569502235977946,1.3688150335751095,-1.8510544004494465,1.7324880925732549,2.018052768879938,0.7537320385161169,-1.0959908852138232,1.285667860381746,0.6049951333081087,0.4366028838068603,-1.5730124572888917,0.5719201858080414,-0.8153011147080882,-0.3951387064695802,-1.9685872626018226,-0.4269228765515612,-1.0876962953399778,-0.7589903849710457,-0.08640470715570764,-1.6121339572314415,0.9562325528691045,-0.4266176113148268,0.13334019805032035,0.30056251613817403,0.6365775520772038,0.36443486608070397,0.5352331801061515,-0.06372958217108261,0.4618101765108707,0.5606593705631503,0.29145114568437064,-0.8754258679976111,0.8256536483541275,0.19165274626733195,-0.305704217590778,-1.5514039107902575,1.7252520913462805,0.0817304801179909,-0.07872735970731647,-0.6586988140959373,0.5258058474149869,0.1831963317321365,0.37008188901784783,-0.470378550204774,-0.2723260579945486,-0.025910770362074242,0.9061341536005305,-0.02808359361670656,0.20113724183210827,-0.2167234550678129,-0.24915232124126308,0.178204688433975
B6129SF1_J_,-50.41563617006341,-4.862399949352839,1.3230771638930314,-4.7764369491925365,1.2092813989356015,-0.459768242842162,-2.2454254485268095,1.135232132861413,-0.7789986202318717,-1.6809860632403535,1.4746939462333075,-1.8532589426240127,2.0183307980706493,1.8046953865006392,0.7638956947612126,-1.2843286035120969,1.4558475094534773,0.1525029820213071,1.0140251988328983,-1.3966560609377867,0.6425480261307589,-0.7306326359825616,-0.689723234293937,-1.5309543475258158,-0.3860676898023089,-1.7618511413782572,-0.5686421233292493,-0.03880511589141306,-1.6134425586133094,1.1346725669290854,-0.44757072937726516,0.1207813453808647,0.09745944949785085,0.6806296954198644,0.6815382903180681,0.517396715657952,-0.09346624319276667,0.29940877829847573,0.6379409264509652,0.13023391740938245,-1.0106051742192004,0.7896199568690578,0.006488304373008097,-0.1927675177884706,-1.5048044102669595,1.7540525121560848,-0.09402372933127542,-0.23150527504354593,-0.5540721936634554,0.4604882977693516,0.0348452953488397,0.19195879020591008,-0.7626867718541146,-0.10456408011361555,0.03657254746719417,1.0514573227038773,0.01325678813722985,0.12701171064978004,-0.2650545519854926,-0.20149290691855645,0.17820468843397688
B6129PF1_J_,-51.479827479896485,-4.226823834438796,0.47874091790686735,-4.737693361203734,0.9787978327302117,-0.9613047067906207,-1.6010025391561546,1.5806440605424508,-0.6699116618390114,-1.668784742340912,1.6306996920832264,-1.8833052945338815,1.7847722477521695,2.2256972015105756,1.0181291375900934,-1.3229941798643552,1.3126462053829582,0.430107665137378,0.7389985394018516,-1.6731200130271846,0.7255490707301598,-0.7149263584554669,-0.4880758949643913,-1.8928748500840316,-0.32054784911462897,-1.1854342453650817,-0.589415790088896,-0.4705168610915565,-1.6510851322905844,0.9292282186554865,-0.21568465815643068,0.2006243346223583,0.19215035731376462,0.65563966606846,0.20481350735603443,0.5074609463008438,-0.2804367473690436,0.564528439664964,0.5561493132502145,0.3990406314847497,-0.6840221515891851,0.9423240665045594,0.043872346495091204,-0.30827330341360754,-1.487067343399662,1.4620398836921,0.013699037554396762,-0.28048551223522733,-0.49350120354364996,0.4481794654345555,0.08547863347120506,0.0915919785508484,-0.6770197004148663,0.04180012361234804,-0.009205813126808335,1.0251526568636966,-0.13762482099739273,0.05628888366168714,-0.06611793736551763,-0.263706646664357,0.1782046884339705
Ark_J_skull_,-49.49121838148884,-5.760003962367467,0.7615375336990279,-4.234699371339238,1.3857317119876174,-0.9771287683945268,-1.5826221879405955,2.058815536706591,-0.016826765784975054,-2.0980748791862056,0.6377415817191654,-1.5034395091297001,1.6420153060262048,1.3396145252953133,0.70344943307624,-1.1370400062221853,1.036791736708258,0.6512587730199372,0.8049340535951627,-1.2583760622224198,1.574871750895005,-0.8961459198635513,-0.600519981329604,-1.3501331396489453,-0.3051335057100961,-1.1080892857375768,-0.6459653625505545,-0.2906534982415096,-1.91711117844132,1.0555963434186268,-0.44167691611881404,0.09055560450702492,0.1060399412135975,0.37511380576148035,0.5010742565871282,0.3387196609045811,-0.030945901464831685,0.4376203176031848,0.6085129609541452,0.4685846926674945,-0.7749511092118669,0.895969938795276,0.00774371212363156,-0.35617823880169824,-1.5032004844386757,1.5518032413738054,-0.14336768613300366,-0.1678473879026178,-0.5371251122867962,0.6018895252337868,0.04064133530733851,0.1494394242475921,-0.5773748091244069,-0.11635000725752012,-0.05025558215433193,1.0110690246006178,-0.04419892108681494,0.1595412563525403,-0.25811455794033467,-0.3210480410587232,0.1782046884339716
A_J_skull_,-47.9421599600732,-4.929313347733522,-0.36995696008319,-5.261530931326209,1.1167819198734783,-0.49876989190746246,-0.8529721986748058,2.578729575025929,-1.0990669523933914,-2.1870792287609366,0.9666656181798239,-1.500351931487171,1.8819892550431314,1.7311786569208596,0.6071639492010958,-1.530419477598286,0.9488410750836813,0.413573011170257,1.1123417040716337,-1.5183157181868656,0.7185717630588837,-0.9467725071254811,-0.7186138599410026,-1.7464581507724746,-0.29378815163439975,-1.2242062163959804,-0.39342158143674144,-0.4598890800735688,-1.8401211452074926,0.5606635572089204,-0.4965213296143692,0.34955961054426954,0.2217949201363132,0.6711414576222903,0.46641804319288593,0.21931740736631244,-0.20518896641528706,0.6037522454124806,0.48408852988827444,0.2213831509871902,-0.9955061026329064,0.8827116660033831,0.12370867844516809,-0.2577363416633753,-1.5141111590871361,1.7960626324594624,-0.03129628869599177,-0.05852918580335187,-0.5108331103888767,0.43845247547435573,0.03811094197906739,0.3160973055193641,-0.7022708049038671,0.06158153146977896,0.023217523013317365,1.0163997685363126,0.003743564509451902,0.038330458869545114,-0.2746373796972794,-0.3456449368675346,0.17820468843396842
129X1_SVJ_,-49.52504472281716,-4.532888671219752,1.149717234499832,-4.877443428514983,0.4679066913628058,-0.2832216371194988,-1.6502661884831902,1.1657742667046544,-0.4432853435013838,-2.3696886083382283,1.200679234491469,-2.201270744135269,1.7547133568461355,1.7965854025708163,1.079557885036858,-1.3387894557798241,1.7609174953865543,0.6254786501747516,0.9010459077866955,-1.2650581620378178,0.8130660081967107,-0.49295410857976796,-0.7984262989847905,-1.586071945233094,-0.3379548692452055,-1.0119971747966647,-0.4949473811597743,-0.2437760900532877,-1.541559971306271,0.6578798686334484,-0.5213663280948327,0.6685448169436293,0.128941843543606,0.2754097753864051,0.30486746294605194,0.40737852057998014,0.05270820684987305,0.6241236571645697,0.7178791696595952,0.2587539935605284,-0.9141745693009891,0.7063716145553651,0.06014588749705457,-0.07457732834800616,-1.329181066102769,1.6340522172233514,-0.0036193790003889947,-0.11744369563364059,-0.5854838052938374,0.5194949450357118,0.10092694998173879,0.28151076304940753,-0.6172949553646895,-0.009599675488875694,0.04155615277920723,0.9914219351597493,-0.18262205402680556,0.20160169755689045,-0.2652626595453368,-0.295938376511734,0.17820468843397333
129S1_SVIMJ_,-49.85305369086906,-4.961452738044408,0.10115981766225096,-4.4998698631501695,0.5270042441697884,-0.22957535645033056,-1.819556949687824,1.1558821713798617,-0.5187325894748813,-1.7546824680225512,0.9894783658322479,-2.010577128768572,1.899972869956737,1.78614656646646,1.4568548181663243,-1.058382738235952,1.4079829443867342,0.5859766308192161,0.5761666555397397,-1.6344876259017829,0.7104978135713693,-0.3700469639981058,-0.7706688809493712,-1.7323220003918802,-0.5453079361790704,-1.504189013801755,-0.3927370724807475,-0.29714329457740785,-1.9339281586765005,0.8436841002896753,-0.5337382314025811,0.2921011884553602,-0.06925523700757219,0.4673979966638111,0.5498353184735507,0.3680350056962896,-0.22349031431909056,0.43242994877964414,0.19801739688987752,0.4767517165347277,-0.583450283660141,0.7782681571807181,-0.09505505271801744,-0.34463574278842835,-1.5084785701812704,1.8493412557975433,0.044554501138915056,-0.016242051666521172,-0.613318861886631,0.4364724488575592,0.16262350988370786,0.2838397829454115,-0.5938858566795758,-0.06694992193737048,-0.13466978389758927,1.0588639734065595,-0.03318390038764259,0.12411847216855999,-0.22364731901081397,-0.32453381184005514,0.1782046884339695
