Sample_name,proc_dist,centeroid,LM 1_X,LM 1_Y,LM 1_Z,LM 2_X,LM 2_Y,LM 2_Z,LM 3_X,LM 3_Y,LM 3_Z,LM 4_X,LM 4_Y,LM 4_Z,LM 5_X,LM 5_Y,LM 5_Z,LM 6_X,LM 6_Y,LM 6_Z,LM 7_X,LM 7_Y,LM 7_Z,LM 8_X,LM 8_Y,LM 8_Z,LM 9_X,LM 9_Y,LM 9_Z,LM 10_X,LM 10_Y,LM 10_Z,LM 11_X,LM 11_Y,LM 11_Z,LM 12_X,LM 12_Y,LM 12_Z,LM 13_X,LM 13_Y,LM 13_Z,LM 14_X,LM 14_Y,LM 14_Z,LM 15_X,LM 15_Y,LM 15_Z,LM 16_X,LM 16_Y,LM 16_Z,LM 17_X,LM 17_Y,LM 17_Z,LM 18_X,LM 18_Y,LM 18_Z,LM 19_X,LM 19_Y,LM 19_Z,LM 20_X,LM 20_Y,LM 20_Z,LM 21_X,LM 21_Y,LM 21_Z,LM 22_X,LM 22_Y,LM 22_Z,LM 23_X,LM 23_Y,LM 23_Z,LM 24_X,LM 24_Y,LM 24_Z,LM 25_X,LM 25_Y,LM 25_Z,LM 26_X,LM 26_Y,LM 26_Z,LM 27_X,LM 27_Y,LM 27_Z,LM 28_X,LM 28_Y,LM 28_Z,LM 29_X,LM 29_Y,LM 29_Z,LM 30_X,LM 30_Y,LM 30_Z,LM 31_X,LM 31_Y,LM 31_Z,LM 32_X,LM 32_Y,LM 32_Z,LM 33_X,LM 33_Y,LM 33_Z,LM 34_X,LM 34_Y,LM 34_Z,LM 35_X,LM 35_Y,LM 35_Z,LM 36_X,LM 36_Y,LM 36_Z,LM 37_X,LM 37_Y,LM 37_Z,LM 38_X,LM 38_Y,LM 38_Z,LM 39_X,LM 39_Y,LM 39_Z,LM 40_X,LM 40_Y,LM 40_Z,LM 41_X,LM 41_Y,LM 41_Z
USNM174715,0.05830917440458262,504.988090962984,-0.00178014340456597,0.008105238229841548,0.000530802181842682,-0.0032494849856420384,-0.0065584739101401885,-0.009166456204313639,-0.011546710355867724,0.010432025773997908,-0.026681720738835766,0.02949386143361464,-0.051652606638250616,0.027422525458135817,-0.04495739924523546,0.04975572539260056,-0.0656351145950919,0.07351074103489875,-0.09175652267591515,-0.0014791462073649418,0.006334899451564008,0.009176550622512623,0.011693441659638482,0.07290676639577691,-0.07026888723622086,0.11379485934194014,-0.11204611006095944,0.023715507345232704,-0.022255873793142825,0.05017751751762615,-0.04300685819758112,0.15813055834289183,-0.15712836132075925,0.1336309706864637,-0.12671774317981438,0.07011066085335264,-0.058143848825267554,0.047034869149476334,-0.029406537471396908,0.045474436311352805,-0.023083616085446634,0.07773064252987538,-0.06264098458082411,0.024630718495709764,0.16075076019593793,-0.030824054599231872,-0.08004501732055269,-0.09612460443421238,-0.13961473894039386,-0.19978843519935655,-0.13743844999483826,-0.13412352033618474,-0.1761482737507274,-0.16993426582429086,-0.13869590539104193,-0.13332944220409385,-0.14979913752728455,-0.1390998753136018,-0.15032390237766874,-0.13821668616918156,-0.0005837375040721012,0.10407021562028755,0.15562786710935694,0.21319754156358287,-0.01920001810204197,-0.01893466530977208,-0.02428330629425438,-0.01649500381666512,-0.0008134458914100891,0.003764879897602319,0.03526067214424731,0.04033009862343074,0.0033054631229262454,0.014925539130679557,0.061261285297246205,0.06989515226960556,0.08473906667896414,0.09039464559480313,0.1418671465609799,0.14538010069147655,0.2074746343273173,0.2113677954437527,0.1601824299617482,0.16539047357122186,-0.06326162225477161,-0.02732414110468589,0.0469984036674662,0.01828485525021676,-0.010652460820215386,-0.0923335949660571,-0.09485840698205664,-0.09718123403677616,-0.09481682184296959,-0.09710796498219415,-0.09944267350522448,-0.07643222987705613,-0.07602033897562264,-0.08365022187573706,-0.08591760207834079,-0.06807559716527722,-0.06947959067064517,0.12752505514246265,0.06343839531988033,0.009027211191551891,-0.0016146239252962907,0.1373965750638413,0.13853521577693878,0.10223733008809907,0.0989164596952898,0.09138756927581544,0.09028853345708612,0.0634166126279777,0.06406217240618597,0.03315055235147859,0.033075303052177506,-0.010139577438141437,-0.009624713811349985,0.035772396358681055,0.03788333722852818,0.028609851212116084,0.028512819220912776,-0.002747323904238749,-0.0007571779622157348,-0.0449602005670322,-0.04212052964080247
USNM174722,0.06459724937392913,493.08944979182024,0.004498077531751248,0.008214249023084427,0.0015018938553178023,-0.00585036884871766,-0.004632637334989858,-0.008791001101770146,-0.013330213217425132,0.008212426626034785,-0.024662475665539012,0.02506832661675405,-0.04678703699530427,0.03053725034442078,-0.04871346572261936,0.046671221203706814,-0.06589113093877214,0.0722768686773885,-0.09155485288160982,0.0007517307150670079,0.008045529905652155,0.009098629725506088,0.011407718346590765,0.07244623774654717,-0.06544551847667857,0.11302855140631585,-0.11316025831623286,0.03226834189431025,-0.029465717612343952,0.06453576108079496,-0.06255953715284704,0.16153778321274162,-0.15928894027198054,0.13453411924488037,-0.13046257000215455,0.07262454812599661,-0.06194571921755537,0.043732373433150055,-0.026802246132250844,0.046355617698451944,-0.025060671854456467,0.08462929599637639,-0.0675721906675941,0.03756130740069159,0.16522310200847518,-0.025917884064246215,-0.08444042964313517,-0.10073174709092503,-0.14370180312538203,-0.1942017090523688,-0.13984162090604663,-0.13600524601950867,-0.17897324553011937,-0.17544951489447733,-0.14041846376390393,-0.13766673952846045,-0.14660992220093433,-0.13948636858508573,-0.14545298193096834,-0.1386298280246029,0.009267210717620671,0.11279925962066012,0.17282902384207285,0.21312556446684838,-0.019248001590074094,-0.015236350655913044,-0.021542077131657705,-0.019037327468092755,0.0008377086292668176,0.004109781178240138,0.035679257157889166,0.038424195837465334,-0.00496153897444874,0.007335680246308533,0.055399789001044815,0.0697953310921085,0.07638964489565506,0.08119094326364287,0.14500112114293584,0.15040608361365645,0.20502817268263884,0.20801313964694573,0.15572056496705716,0.16341591876912762,-0.05357670999151971,-0.0190009724519673,0.0344439592295481,0.002405148012172658,-0.014603392290516992,-0.08751173889666318,-0.0907078281301441,-0.0902931766759615,-0.09207906040783605,-0.09370208313055697,-0.09428996416323679,-0.07027453670321938,-0.07490777609786935,-0.08289924673050436,-0.08444097610210274,-0.07247179175524995,-0.07449888004022506,0.12100669058795753,0.06137430139032483,0.015298408966537577,-0.0022591579506955205,0.13630178522368464,0.14130321211718574,0.09874605843408073,0.09904815497506517,0.08292555359242888,0.08493014304267775,0.05705760158454148,0.057099588806425856,0.032514862181742724,0.03575615553210834,-0.002119584138246933,-0.010091910652846729,0.028926403785500904,0.028722168759104782,0.03017937688233725,0.030333564494281543,0.0008049184693668063,0.0005378574132988091,-0.03485891203475822,-0.03512821513625402
USNM176209,0.09765123415384028,515.8629411835913,0.0007004826611481761,0.010506454859265461,-0.0002239173719020283,-0.005298788869963604,-0.006353300403210212,-0.00784548333589764,-0.012452757347857746,0.010861989678926562,-0.027046498232669927,0.02852060955589673,-0.05113908167181154,0.025978390046274356,-0.04470803701904464,0.04683526182068965,-0.06525789918171479,0.06453041200048698,-0.08396243481062847,0.001849273587487367,0.005704993676260874,0.008910890030958655,0.012753695714068711,0.07673113362467805,-0.07068810474178673,0.11905046709853644,-0.11893856459328737,0.03592065828111886,-0.033646196351072584,0.06718454097689189,-0.05933150508314634,0.1519368751965156,-0.14879728800373498,0.12604200666190088,-0.12128762013909306,0.06282477967356738,-0.05688776676224522,0.04518641933623232,-0.030366885257942768,0.04820675563095082,-0.02145736259511041,0.0768667920518463,-0.06141339039158035,0.024346899701491752,0.16786003058870633,-0.016543084925696994,-0.0858702004550098,-0.10230353076966545,-0.15404939941732956,-0.21548679608056243,-0.15044404542302173,-0.1482501387852389,-0.19159497750006108,-0.1856097129721706,-0.14788778040756312,-0.14584770642507672,-0.16022346641701213,-0.1532565771359319,-0.14797850514850402,-0.14517657239449114,0.035262634386368195,0.08629429644518455,0.1433915544930563,0.20700794461941222,0.01273090253264785,0.020742104310661754,0.009121868479494515,0.01820936044982476,0.01568460210914204,0.023392992960006274,0.04604776158018485,0.05031863885168879,0.016110586024868787,0.02639705393717487,0.06480723458583823,0.07035758379740421,0.06828059188875303,0.0733945937933649,0.11967195127319609,0.12536459739347638,0.19992809384637786,0.2034268548307444,0.1583474165660415,0.1640243448122224,-0.073361774675417,-0.007693564669120617,0.029426279612596827,-0.00209943679201196,-0.018537184372722962,-0.09260618833244798,-0.08996317514927377,-0.09933699050519136,-0.09972932960842225,-0.09883133081192703,-0.10002396864276622,-0.07858798306657724,-0.07575038519694918,-0.08439369465158642,-0.08529631646935791,-0.07130844667744167,-0.07366336132159636,0.10630979402104143,0.04789117971968372,0.014021522032612886,0.03271875414560881,0.12551437374879293,0.12764837673318138,0.08879992069488703,0.0914155392706133,0.08137203198921351,0.08064034847069705,0.06312859821056747,0.06496954721084791,0.028943161043715034,0.02750626389575869,-0.012469204410658102,-0.010222526633435232,0.03859601671874122,0.04047334356822057,0.041656557587748215,0.04412207430330833,0.027409759679124724,0.031486825265463335,-0.03131310598768251,-0.02886229994783781
USNM176211,0.05195017543747305,509.0991063061369,0.0006238248688942128,0.009534487534019611,-0.002607374986645843,-0.005385445768486787,-0.004410664851875603,-0.007589566656875007,-0.01182173930169123,0.016946267851240968,-0.032688688820853795,0.03131815000199876,-0.051236235871347686,0.032224565747410255,-0.04794492751757989,0.050158530048004586,-0.06879330484026419,0.07810951897920715,-0.09477103988615217,0.0010771214299292898,0.0036998628060521165,0.007190087736371715,0.008585695912730222,0.06580336087320891,-0.06855029088776678,0.10955866028984147,-0.11128840559332835,0.026972368350066157,-0.0251091611881442,0.06825073921390067,-0.058877343459800564,0.14940593997933727,-0.1449225813211095,0.135957330505589,-0.12966831531970696,0.06663249870465167,-0.05070875592569464,0.04076870008837479,-0.02974196837455505,0.050956636842674284,-0.02735031681199723,0.08526546412070625,-0.06557368450033424,0.014566336102301052,0.1698495411496808,-0.024755004633564524,-0.08168392448165859,-0.09217302219390343,-0.1368649277905662,-0.2169019066870067,-0.13664555582318463,-0.13554094499598598,-0.17606864855950538,-0.17132944355494165,-0.13732568947307058,-0.13340025805130645,-0.15099249976000587,-0.14411172643004588,-0.1446718114136322,-0.13503631288809123,0.008710519244210735,0.09238418744723532,0.13964328373240475,0.2115008944152135,-0.023308606216568984,-0.018320781780187912,-0.020379405687535733,-0.00993550167294039,0.0065319086394088205,0.008364790360347478,0.03691774570318861,0.04169400759779127,0.0007338349354292519,0.01785465054183524,0.05977835313430771,0.07441404161647262,0.08429914236845007,0.0800920850867698,0.1349578754507922,0.1359219547201452,0.21541717924571455,0.22009014242474756,0.16269998860913068,0.17302350956812831,-0.05648451551124541,-0.022896256784380602,0.04701709005372897,0.007094515707670167,-0.004836203183927289,-0.09205967959634798,-0.08739543360209966,-0.10225161650423022,-0.10240652901349519,-0.09779723458226432,-0.10047100617495265,-0.07369681754805685,-0.07193723049108548,-0.08209663423249904,-0.08164195125972747,-0.0726996264093639,-0.06954396390539162,0.12613219250333105,0.053516810188547786,0.009022618713391852,0.0036473809074625252,0.13828601951325273,0.13573353595523546,0.09464211319550374,0.09763428735901905,0.09536214626116003,0.09385644015931147,0.06258241170898829,0.06115505619153693,0.029528972117820386,0.034257429550447235,-0.010617164869047567,-0.009652010529194096,0.02658067926640721,0.037207178895080184,0.03372754269748138,0.03259002709296621,-0.000993223632391924,0.0009970878965936487,-0.039598131293105375,-0.04149630681212787
USNM176216,0.05028439899584329,506.10368859832397,0.0019313159412604702,0.008501933409052831,-0.0019751979101704396,-0.005205809054769828,-0.006579010581897246,-0.007500022417864275,-0.011385179605121915,0.012920564328409538,-0.028181083542568874,0.030871303916615453,-0.050628986203882356,0.027118468989494486,-0.04407705275721168,0.05000099623997513,-0.06178639597437978,0.07928365577321932,-0.0991587475138069,0.0015207858263481778,0.004791530801239649,0.007245274876875423,0.012876155894898057,0.0760577155314615,-0.07372950962705224,0.11903556157185337,-0.11984886013509595,0.03105194333717577,-0.029445186619382155,0.05760937199575659,-0.059265619103997545,0.15544768665622208,-0.15081171928115483,0.12939466572527544,-0.12295034080083442,0.07689432013484879,-0.06595607346311662,0.053866350560816595,-0.03691848797812465,0.05326987470533838,-0.029537372974041198,0.08643396908503694,-0.07118278975670117,0.029347885853046495,0.1649657150291336,-0.015081201715259953,-0.08084077248962021,-0.09474867798652503,-0.14486887753239777,-0.21020250374084598,-0.14181411893539395,-0.1405985907649944,-0.18105700048160747,-0.17829593475687455,-0.13779207080487418,-0.13537828656495576,-0.14978022508238598,-0.14634465820054812,-0.14664281917156538,-0.14319735085197793,0.011682038792033757,0.09327159174247869,0.14769524345231436,0.21137922099275588,-0.006247045018380976,-0.0012021741854288074,-0.0053399715691806095,0.005916321435646575,0.0002279941619371676,0.005423736451044484,0.031981537462705656,0.03830135335060537,0.00672259569447458,0.02034775625008056,0.0596066202701685,0.07513652732301136,0.06508827401506917,0.07688773876652943,0.13954949243209128,0.14783276471792758,0.2052294304034813,0.21075820120922878,0.1499114018074916,0.16216883823955855,-0.06144852727590878,-0.011199228682495281,0.03568408311225325,-0.0021229378584554093,-0.022876521602498843,-0.09337960801507952,-0.08561382009690581,-0.10246834005411176,-0.10189562494989833,-0.09072184556606466,-0.09285701564921188,-0.07450809560238003,-0.0761888245461322,-0.08448695810080427,-0.08241881307200818,-0.06616063763599957,-0.06593995868186028,0.12569241044364848,0.056135185823884104,0.01788978703385335,0.01157688812296677,0.13811250786571935,0.1408634228684123,0.0916762898244108,0.09471962339523392,0.0790534790316842,0.08484485408520975,0.06304489204769598,0.06351883230517756,0.026029894839466404,0.02969975270144252,-0.016424963307537774,-0.013392761137065086,0.028328845008785495,0.03452001597308548,0.036401744427094034,0.039707032124176735,0.010926838859246942,0.013196760494700034,-0.038536058443228126,-0.03898260011049936
USNM176217,0.06589599871704364,552.7676744692533,0.0030082868873517383,0.010504714868978202,-0.0010779338460013565,-0.0033359041577173047,-0.003833519269409259,-0.008650161362916565,-0.015233767329109315,0.013036041244411878,-0.030507772227388402,0.028426718930669587,-0.05193942148754449,0.028821739388991168,-0.043637452443283,0.04756788652909765,-0.06397398874797827,0.06725771711561926,-0.08391824584749341,0.0023199435380207517,0.005512354278101752,0.00878308615981658,0.012836052348871163,0.063519452947704,-0.06310293886322696,0.10319530090168955,-0.10322573522891677,0.030919165235690414,-0.0277950602387791,0.05792699037169568,-0.06192138951799432,0.14845762028790366,-0.1453605959566615,0.12509204355139694,-0.11766482759027301,0.06952562078405922,-0.0616355112222365,0.044081164636802006,-0.0288583559124712,0.0464592387245676,-0.02149589711322441,0.0814672280531447,-0.061549888421958895,0.015365414641285156,0.16044301782326223,-0.013823660712088761,-0.07935512359747103,-0.0947357420386448,-0.1449449564867253,-0.21334220801409565,-0.1464928595756651,-0.14377445296525895,-0.18496092651996665,-0.17836157062466715,-0.1456610928536872,-0.14045906211993486,-0.1556752385240802,-0.14698101462270116,-0.15025571954194913,-0.13934389506642247,0.009432239491684837,0.0979999020218702,0.1516483149079567,0.22488210910944828,-0.018331823161899945,-0.018624415829854843,-0.022118052317260745,-0.014623301190319992,0.003591083751674364,0.0050527089280784695,0.0375490166605153,0.041893655934460206,0.007088797079662004,0.016032563671788267,0.064065918051318,0.07231435677339737,0.08616447817097926,0.09346454217659925,0.13650813684792454,0.14070716214132412,0.2197618164410489,0.22529551112352558,0.16687131825314272,0.17573305176175133,-0.07240384732630234,-0.00961890365381213,0.03631346482792697,0.0008441935457874907,-0.012579033475147341,-0.08752480063141958,-0.08606361101937184,-0.09754787497972561,-0.09755969554200611,-0.09586029293752507,-0.0924925335109986,-0.07367233288529398,-0.06996534905680957,-0.07932469816004406,-0.07994842033121498,-0.06444941865305867,-0.06691012826302249,0.10603405289401592,0.05357471478747607,0.013476898302808018,0.011434779919128934,0.12297325627965455,0.12418778555184345,0.09267014184252455,0.09557333196659265,0.0774490521400344,0.07799649715626425,0.06324283316479822,0.06554774323222606,0.02922023817900945,0.029297327376101544,-0.006659639952857905,-0.004982714131255929,0.03160827685772167,0.035065672496882715,0.041021112798907196,0.043340455932477054,0.011097534704402444,0.009457205938250356,-0.03887185065735515,-0.03499142472761403
USNM176219,0.0499770036790176,439.6414176926797,-0.0009286383639753462,0.007197796566995895,-0.0033240764246312616,-0.006908798261192399,-0.007255409374768202,-0.0069609135269601136,-0.012078835791878347,0.018618629684069646,-0.03204447040775676,0.04332416483586751,-0.060746173853424464,0.03240130007675288,-0.048652686607357006,0.05838489322020511,-0.07410868392642103,0.07694349118624562,-0.09666687120102083,0.0009464251700834108,0.00432656136922391,0.008772739019565634,0.012607896739243958,0.06471748581870365,-0.06126180001265499,0.10896085813935456,-0.11030695121390166,0.02107404132817929,-0.01478405717482536,0.0685020742574915,-0.06120694726617791,0.14274283370053756,-0.1430472738436603,0.12766921019232522,-0.12167325167978717,0.06960973469625803,-0.06026762336426962,0.04179853019025381,-0.025376417004767414,0.05247466117111133,-0.027459215493728473,0.07919044149277737,-0.06520467406208744,0.016274317171253657,0.15886071147676747,-0.00788561853501918,-0.08360618678259951,-0.09777003621861959,-0.13926832243591425,-0.21715864015365,-0.13864586659645314,-0.13590931144518126,-0.18881256670476204,-0.18509637085673758,-0.14794690178150185,-0.14498145060843295,-0.15585424471553777,-0.14667000665824742,-0.15274373054498872,-0.14286234102125228,0.015391153294609987,0.09884806426870653,0.14930872710264184,0.20634114704883824,-0.012511340363147471,-0.008630859723067376,-0.007089085193442689,0.004267730369892799,0.013630315565142707,0.013665542342625089,0.046577994465649364,0.052654747448129986,0.009368979347067742,0.02473895752469284,0.05964033134286732,0.07441998974465044,0.08305639064633691,0.0910845668086114,0.13319461029373017,0.13447018314744114,0.205492255852948,0.2089281720664983,0.1525962593983409,0.16063173361110664,-0.05317653706108503,-0.005594105270205784,0.04152661966528685,0.0021072829795592413,-0.01305115430555154,-0.09007355132042538,-0.09517807697202217,-0.10205897323831732,-0.10221592336304322,-0.10121198748210107,-0.10081370394945877,-0.07223375006025226,-0.0735621143973588,-0.0868308058577149,-0.08634330219568759,-0.06828200585917352,-0.06881239100347081,0.11653812046059535,0.06501352842145137,0.020840649255335002,0.017373090339826827,0.1370059517144088,0.13650228425876,0.09037540903464278,0.0933064523959297,0.08409943318317031,0.08539369605998266,0.05507338222195278,0.06002728741286153,0.025135438979098847,0.025716637584940156,-0.012628280866157896,-0.010334253230592014,0.028126850827954023,0.034021151690882476,0.04309159829248627,0.04316841677277872,0.0035611015631881724,0.006643142734010815,-0.037771111151914324,-0.03447549826457157
USNM220060,0.05793795193258306,401.6742693114386,0.0037010365830978374,0.007921196982846882,-0.002347592541144135,-0.006642863331860424,-0.005964115966720419,-0.009258169371627751,-0.012673513209349094,0.007741921511640656,-0.025560654968779548,0.031591139330767744,-0.05710499196830946,0.03128130499802421,-0.046224002842002676,0.056211954038338174,-0.06860485604463985,0.08096722334905654,-0.09528793437912221,0.007762597622280548,0.005336780371018804,0.006674663294159033,0.009375360191871294,0.07241427307592871,-0.07325592073641538,0.12453628435966266,-0.12352130580339417,0.02726892443653107,-0.02412137765866361,0.065953488076974,-0.06268797710392103,0.15339429336017413,-0.152975801860023,0.1219169860315361,-0.11128494045114952,0.07448213418223479,-0.0634734741318714,0.04637351199334588,-0.03322609828715265,0.048340850014160025,-0.030863019852820386,0.08406073227270333,-0.062228045567390054,0.01717520465057599,0.16400812763136688,-0.022684811677673677,-0.0810617056781234,-0.0950182738486845,-0.13974582417234763,-0.20759838499727865,-0.1378299658420378,-0.1340102085144055,-0.1790589826388544,-0.16852995715638586,-0.1389579426889584,-0.13273431331501598,-0.14509143952205034,-0.13745847470498893,-0.15018940267246741,-0.14160986471627837,0.01002929192328881,0.09143637284529799,0.13953658652023687,0.21229178900035045,-0.01823836114520134,-0.016282524010046897,-0.012060997314401557,-0.0012919351042650878,0.006119539326640279,0.0037956591484285037,0.0446888422737832,0.048839460998775085,0.007211728099527903,0.020390946120401664,0.059080505439861736,0.07078772525704728,0.0825981855745946,0.09488694726408443,0.1248012115085633,0.13285265855568462,0.20090139925546957,0.20313461126282728,0.15988782985857075,0.16499874720408678,-0.07323921007472681,-0.021510535432930578,0.034520552909324306,0.006961226834259601,-0.021846777897764322,-0.09778843709243441,-0.09219703963364204,-0.10105509976265767,-0.10138965658456583,-0.0943473594415208,-0.09185331072178256,-0.07735240488109246,-0.07799810027461787,-0.08987740452345505,-0.08823654387856596,-0.06903495269734955,-0.06901860281062876,0.12409447448382395,0.051366806443338096,0.01473820312924345,-0.002483373466322786,0.14674009432266866,0.14842304876133142,0.11061548519510082,0.11080580631937666,0.08985297438622628,0.08869597448711954,0.06513966615981803,0.06524207152309427,0.03339614304969914,0.03895240135197122,-0.004244951390731725,-0.003060433183053807,0.034173665302867966,0.03626139521851161,0.03163921041616898,0.0312543799966919,-0.0022240148830538166,-0.002961312836880139,-0.03860154643564963,-0.04255251238721262
USNM220324,0.06441267205204873,515.5738642811096,0.003554601126484596,0.0084791376915538,0.000556089331078135,-0.004297062810597834,-0.004356862703424963,-0.010140081496685615,-0.01462474880845099,0.009477333589462057,-0.028062173996325927,0.028756126369115658,-0.04996328271305451,0.023071357598404667,-0.04455764165825156,0.045736854117960905,-0.06544629880185679,0.06993897299625164,-0.0900134899984575,0.00029058822312474783,0.004859146513446455,0.007287906344133311,0.009249735170213472,0.06429038497223975,-0.060236371466605,0.10434763543980038,-0.10532000809274088,0.02172715788619057,-0.017431261919743812,0.0681204083767252,-0.05878868933423953,0.1478376160468287,-0.138957818095665,0.12860040378398743,-0.11596562830920548,0.06649159432121603,-0.058145703701652625,0.04100804483677796,-0.026864351208730958,0.047942433547063665,-0.025310262177197052,0.07726560557237132,-0.060407396561543335,0.03483019686786791,0.1730601455128387,-0.026777142929591515,-0.09561546589946962,-0.10341160754345603,-0.1438226739451151,-0.19978682980631274,-0.14583448116699435,-0.14024961587597784,-0.18235756170945674,-0.17381435323444694,-0.14550570765639093,-0.1437495241726861,-0.15311918588157397,-0.14856877062045756,-0.15233273783527848,-0.1464590405836775,0.0033377178840486954,0.11287579032414634,0.16159537975605992,0.21374300419969744,-0.028245513226807302,-0.021228632425314503,-0.01926484335387168,-0.01087508104118606,0.0017242152509079455,0.0023515367887060063,0.03777491750035368,0.043825012258547145,0.013149591015658536,0.022326721557395953,0.06803638103659079,0.07536296623939095,0.07883491983682057,0.08547868017722252,0.14631087688364183,0.1483085274085272,0.21124169753799363,0.2161321014659921,0.16310787205926852,0.167610517346391,-0.060912095980791156,-0.017268099177432716,0.037507580187201274,0.004708355678801293,-0.01788025437267771,-0.0818181687320657,-0.09818262691621474,-0.08903047995854615,-0.08734891841047578,-0.09097968233993084,-0.09410503857808498,-0.06611498051976882,-0.07265940876208117,-0.0771128795735221,-0.08105778504767787,-0.07421594678261312,-0.07980245447901914,0.11581355909304904,0.05760024970757951,0.016877840241527782,0.014256521190923077,0.1269574885540843,0.13064898984332418,0.09537031796699542,0.09579547477666182,0.09132579332574228,0.08980379753265492,0.054959377503443305,0.05626399922384405,0.02496245324999832,0.02912391278292438,-0.011905985600015458,-0.014883783364820827,0.03710530830428833,0.03260637802227061,0.0298225764593228,0.02887578072387833,0.0060891529828753154,0.006522216786472997,-0.032101926527739,-0.035616609014384445
USNM252575,0.05548026917254948,418.98062091333867,0.0005378070945552786,0.007143589374339837,-0.0009551031960325886,-0.002962323391758935,-0.003470268727276801,-0.007325458340978961,-0.01344841885562364,0.014729800977674663,-0.02869208481085601,0.033696716323312684,-0.05697018624655535,0.0299514861494651,-0.04645164586645372,0.04968518633831028,-0.06552632443433343,0.07966612423485062,-0.09216948578107903,-0.0005010864407353081,0.0044059463867195565,0.006751496071504495,0.011085882085436718,0.06883810810017854,-0.06937996374881347,0.11660940430305732,-0.1124894899160341,0.02022289923320236,-0.018587707214429035,0.06470479613039233,-0.05696163769437735,0.14691626175788022,-0.1449214534226287,0.12270729523133596,-0.11708779029359677,0.06267505277537737,-0.052883421499411755,0.045017803325464185,-0.03280599006845799,0.052537348161397414,-0.03140828856072062,0.08479218659176398,-0.0676770621360634,0.03824697778235514,0.15819638713927509,-0.013628671575305267,-0.07491509712067657,-0.09694188721893382,-0.14412406188635368,-0.21708373814516105,-0.14422997631795556,-0.14143617402819136,-0.18703405064920356,-0.18119572211230114,-0.1535946058894042,-0.1499367376849354,-0.15329086118100954,-0.15006107038175648,-0.1581290195157035,-0.1489992696925056,0.015197248857658777,0.09731577950598073,0.1463191729742045,0.20886567094610373,-0.014999185704579738,0.0007711332349932925,-0.00482823448899014,0.010962641614050875,0.01456625727398405,0.014864514442443341,0.04735405719967076,0.055652588215887824,0.01021128169455623,0.02645050228641767,0.05653225594103928,0.07226748111294888,0.08000114075972385,0.08921127010127662,0.1369219753757011,0.14137758925969518,0.19589031453535705,0.20214015447202774,0.15308194447217754,0.16203002439543857,-0.04578153187649674,-0.003308704966224155,0.03470040307087746,0.0032587683703618263,-0.015190704342232221,-0.09104961274602824,-0.09516226715350623,-0.09531561674105175,-0.09767125502271129,-0.09920384540272424,-0.0990558660140624,-0.0811039573470477,-0.07725989969006983,-0.08822446021771882,-0.08472615774421087,-0.07518702778633109,-0.07051845790353065,0.12138257818737803,0.05501582022616463,0.018592894860089165,0.012896382795755815,0.1299881686925794,0.13431078396763235,0.09605851537378995,0.10237124354451686,0.08002755019902266,0.0816665992056891,0.055339305316165106,0.05951690457387896,0.020346244326463616,0.021921925068791953,-0.01128947325249235,-0.010297158954396078,0.03737070865217992,0.03905214198301371,0.0376346926835089,0.037818701329551306,0.012264335415322942,0.012358434651923057,-0.031095321088720096,-0.032451784245099
USNM252577,0.05595821302751716,437.2134510307238,0.0010324921404010943,0.009215542273514883,-0.003708953838850921,-0.0024028396272315075,-0.003264045837622087,-0.008360280922825047,-0.014552643101621448,0.011300047133644575,-0.030947809110153546,0.038060488009661796,-0.0587988351792237,0.027848553701756602,-0.04583449887045112,0.05180362783765411,-0.0682358601172835,0.07788185007172459,-0.09566061097724089,0.0034496358279780303,0.005599846750715523,0.008914405580888038,0.011718010055425462,0.07023275056184039,-0.07132850254477371,0.11606881987976181,-0.11605369288603726,0.02408416778567041,-0.021833725340579486,0.05487165055247968,-0.05096724277767031,0.14100533814483132,-0.1393433076130199,0.11748716236707032,-0.10812342462980128,0.0685167581675577,-0.058748251234502114,0.04477584833546243,-0.02622130020466222,0.046535584553752,-0.023830950965992245,0.08518282006152572,-0.06736862401377483,0.03014466390306662,0.15721319224193123,-0.022182241146268454,-0.08057784554794416,-0.09800235094283744,-0.14292439983029367,-0.21051140180165528,-0.1393175588792247,-0.1383114710517116,-0.1828802043800915,-0.18065081159021926,-0.14502104198209678,-0.1416567717601069,-0.15206747754990252,-0.14936532128801772,-0.14583046535387145,-0.13574321958575963,0.02091306688301447,0.09987806873636751,0.14649447979557798,0.2072323408940643,-0.0052247593122729625,-0.002343896686961243,-0.0060449267909359105,0.0027284331949571235,0.0026341393417184168,0.0031856783477773477,0.040550542832555,0.045244936524442926,0.010306010169864582,0.019076840224157614,0.05861109601685761,0.06673132381284713,0.07736729019979664,0.08011724866632294,0.13236628741212025,0.13688276096798163,0.20713833159523726,0.21069236548029308,0.15822123523679613,0.1649258330024209,-0.05937993763236014,-0.015296407461018877,0.03504802361685878,0.001519671787771667,-0.01917768201062797,-0.09651522455692083,-0.09822420200977741,-0.10534527468919845,-0.10604712456951558,-0.09753108815771948,-0.0921214958311129,-0.0876536460601794,-0.08078244874057317,-0.0888601042924255,-0.08346843353965924,-0.06780425655210738,-0.06824155737851548,0.11768764544244338,0.05883866451682759,0.016810257603109714,0.001536736650136115,0.14901189735929468,0.14740672239147998,0.1121374935219937,0.11382264524780876,0.08531612396475875,0.08735334815844574,0.06008121181595715,0.06134071092483983,0.039342414801869015,0.038012615576066396,-0.002830725800913199,-0.003316157091245899,0.018351605019132196,0.02320822976259474,0.03298890403101931,0.03413537326696608,0.006167153791643366,0.005100169726701957,-0.036388720499778586,-0.03623313210407311
USNM252578,0.07013358339099467,422.2664711326019,0.0025576135264164515,0.008931447551686173,0.0015673169859008029,-0.003182307915139198,-0.0031277336904953247,-0.005679031007226266,-0.014204010803633357,0.013556773256921425,-0.028235051884275098,0.032385538916794014,-0.05616431477906444,0.026452393347380556,-0.04146325865942788,0.05155420246719197,-0.0674908618338307,0.07619691273901069,-0.0982219403016777,-0.0006286772346341041,0.006584782412198011,0.00942360163157503,0.010287464258900605,0.062074794199142344,-0.06365003616538556,0.10808367387476771,-0.10547145323557439,0.013313807035311275,-0.014082132123363131,0.066046366568258,-0.05894647937094173,0.14332196118590879,-0.14235952776191868,0.12376471132701826,-0.11926585865635574,0.07388845715466154,-0.06231876939115606,0.04369144009536252,-0.027969821021418078,0.055741120950249,-0.03453129902724753,0.07658935044649914,-0.05902116506839033,0.020810396886510398,0.15473436921169004,-0.026370836512163664,-0.08461128682528955,-0.09129115636905988,-0.13179790731666066,-0.2110600665054515,-0.13364155494513705,-0.12802645420196573,-0.18590624669230582,-0.1781980051981159,-0.13577146412495955,-0.13149299329309833,-0.15022830347841618,-0.14132136924833458,-0.15300675185990317,-0.14163726433360335,0.001275068322104885,0.10772562316363213,0.16444978818187644,0.2037514526847299,-0.01736000757485086,-0.016569390348584633,-0.004476354798211439,-0.003957387988650836,0.005697992058481083,0.0050566832164125825,0.04534653909733331,0.05050471245029263,0.005372351802076821,0.020197329245291495,0.06135591389467559,0.07242074326838767,0.06903443262520956,0.07584652992255757,0.14361777094662423,0.14636788282082758,0.20123476356534872,0.2040940474078216,0.15077177660993055,0.15705863423294192,-0.06305630817666978,-0.02155053022974279,0.05157279545623766,0.012230930755203947,-0.004936295001426628,-0.08775739594158422,-0.09485799191883852,-0.09851445694704218,-0.09990227126994426,-0.10550471780849853,-0.10523712470025105,-0.08626954743855271,-0.08589347773285806,-0.08611546586358408,-0.08405716316593467,-0.07945450788871675,-0.07712724700989368,0.1317649947553931,0.060972412870166665,0.006958172720605046,0.0012038559061901665,0.1394086513668882,0.14374317158367764,0.100599130187807,0.10525070663921389,0.11211399917966809,0.11100888629045373,0.06392807233785389,0.06406435988433311,0.033212832062699656,0.03325040263294714,-0.012657680935525068,-0.01015107241723714,0.0344694804588915,0.03409470957878522,0.027368371481207496,0.02846119243497815,-0.008225127643019293,-0.00745812349780494,-0.03756384167359927,-0.03938678132247706
USNM252580,0.05653880000028628,446.8657055202898,-0.0013995034243860429,0.010103624669500447,-0.001557030746278625,-0.0024621261066163076,-0.0035464948140093958,-0.007223738067465003,-0.009241038712013492,0.017703475206099457,-0.03715364652319831,0.038252647122126573,-0.06068104712118556,0.036637145033988204,-0.05465043218738431,0.06161795262132845,-0.07758548195541518,0.08707258630720839,-0.105719866604501,-0.000641919926116233,0.005358492783011253,0.01103918128097314,0.012807016280549078,0.0670040825498434,-0.07087934812126692,0.11727246558403634,-0.11752469866012673,0.018455755477273326,-0.020452921598335696,0.06093710516664192,-0.05289193381434137,0.14866262190782112,-0.1499102695570558,0.1321884359249807,-0.12048640482319378,0.07306016241897975,-0.06055746763158131,0.04598928520957724,-0.02803192801117389,0.04978311029850882,-0.026653556293940475,0.08285583557742765,-0.06755012672029499,0.01736417233356682,0.1506896592941277,-0.02943727139521998,-0.08059859962743203,-0.09811400901691719,-0.13869385738287623,-0.20940328513543371,-0.13948754786899664,-0.13595309972421113,-0.17800023360178283,-0.17468355176499833,-0.14216719567813632,-0.140277487184402,-0.14730766146957527,-0.14205780082312308,-0.14672126052943102,-0.14204400152751048,-0.0013105860289762661,0.09919503780921764,0.14059925245025492,0.21681969685627475,-0.02243786289537473,-0.018119956342794185,-0.011097927191117105,-0.0005054661294439707,-0.002555881976421724,-0.0009180781177848421,0.039999915115959975,0.046882656699297275,0.025962326222205186,0.036677845526686514,0.0654913262571122,0.07658777647254116,0.08205519262204977,0.092698096142593,0.13470002134376793,0.1330797502953535,0.2047586422746123,0.20602943700185525,0.1652002558617785,0.1671015608327116,-0.057730915635565115,-0.022084020381015423,0.03812622464242461,0.0038906659476645638,-0.010657554343281587,-0.08456673182351096,-0.10172251771301451,-0.08740940362446467,-0.09121639425857,-0.0957160738263579,-0.09601421100403572,-0.07181105955978737,-0.07047578163433693,-0.08510048483857999,-0.0853536048333203,-0.07471901805888788,-0.07409830563611847,0.12339831442394156,0.059839174526399704,0.009131046453911492,0.0017023031039775955,0.1337843401340665,0.13300343701145415,0.10127687039363009,0.10326269778568263,0.09123991370415471,0.08987212113993245,0.06279125460366945,0.06370147650156766,0.026634224277585706,0.027649618916637482,-0.0159303491012856,-0.008981759630435395,0.024878309878972986,0.032553261536840065,0.03457583124300275,0.03454743420350869,0.004154934336575259,0.004803759188968737,-0.03526765261962346,-0.035961375432380135
USNM297857,0.06409359097945234,516.3583099713684,0.0027751878181873336,0.008657476356158834,-5.50023287752674e-05,-0.0035118598166678974,-0.004125488851901048,-0.00852412515517131,-0.01303509549713844,0.011081591019646116,-0.0269383956330641,0.026014457433817983,-0.04764607134767077,0.021810794059606106,-0.03847654759998612,0.046719136158199434,-0.06312562982732949,0.06747896675160024,-0.08705650854579339,0.000830816986837003,0.004510554613264693,0.006868367427704853,0.009375183342036592,0.07214723171234845,-0.06618285848861262,0.11021219285767515,-0.10706623382123955,0.029354406001450586,-0.027419097229092408,0.052284203797401986,-0.05122815633277324,0.1458684198799594,-0.14277571759194702,0.12709911634106108,-0.11871538469328383,0.07699801028463686,-0.06579331347685576,0.041197435498956936,-0.026646008453163172,0.04089466319147049,-0.023451927215122632,0.07543190946888613,-0.05583669909532007,0.037156978767841485,0.17070115485369758,-0.03234274110239946,-0.08698064399065061,-0.10467022075293136,-0.1489329203483553,-0.20844524799117117,-0.14345497761982715,-0.14086165036900453,-0.18920433682686882,-0.18284047315611104,-0.14509130376455653,-0.14177732101046897,-0.15275599239795826,-0.14484009244868717,-0.15551352288182882,-0.14483898869053527,0.011433552521442888,0.10581670060061411,0.16772644445545395,0.21128244756965633,-0.016793085806381978,-0.006130546175061543,-0.0178090799030228,-0.004646116971460859,0.0035688537786558072,0.005953394584894713,0.03827417285324185,0.04473590188065257,0.0058610730508770826,0.023763549858674314,0.06170644554047969,0.07503123822829137,0.07624634289167212,0.07985198337459269,0.14827425312573947,0.14874471427046715,0.20637187518664457,0.2146659930546999,0.16179222292693052,0.16896996883205817,-0.05753506227398968,-0.011944279518728047,0.03623827584432057,-0.0014804170283137764,-0.017965701045833796,-0.08908151311732772,-0.08547820824348296,-0.09168576146714782,-0.09092998479076438,-0.0934433786080257,-0.09485808926413158,-0.07959166573238598,-0.08024807484778938,-0.08368285040166469,-0.08269785317858284,-0.07031524761694084,-0.0706814784264884,0.10599962994408202,0.05088852086304872,0.014092585381912605,0.016085715994257815,0.12334645616867072,0.12464223400775064,0.09589015695195922,0.09537855377337852,0.08097962670416756,0.0788754919771136,0.06467352584832867,0.06600014770111678,0.03848830131702113,0.03523611930862952,-0.0035109327901164497,0.001298205023075163,0.027448579477685964,0.03264261360326323,0.0335232657773316,0.03299376748328457,0.012801444476541999,0.010703798471358302,-0.03851445942119437,-0.03458205832539235
USNM582726,0.0990457955076242,451.21833549905364,-0.00036933966616306514,0.006867190093242476,-0.0007144698225978946,-0.0048240207431809465,-0.007318933485218806,-0.007731070420193037,-0.010681160654213408,0.013128431651823253,-0.03077292870904022,0.040773319548119955,-0.06394475833454187,0.03279100358752696,-0.05005579691581627,0.05452653067771548,-0.07040441557901363,0.07307923489193154,-0.09188596053135047,0.00016456457311046896,0.0027399023209785612,0.007480743795945684,0.013110995541191179,0.07835767291289608,-0.07458886768370948,0.12399433417345213,-0.12079917610019465,0.02371895332394936,-0.018940464436508694,0.05388450181699317,-0.04683717557264965,0.15039217021108534,-0.1482417257991529,0.12893680109538516,-0.12380510483783605,0.07103033237171096,-0.06180171689000296,0.042867199071077576,-0.02779596972808729,0.053212788941931675,-0.028403115984619004,0.09592364399723735,-0.07706414270321646,0.014396377606888475,0.1461380127403844,-0.029575727581690987,-0.07037823471229274,-0.09704346930889197,-0.14269539509512774,-0.2305769975046705,-0.13960085708879394,-0.13906759676975597,-0.1858366902960867,-0.18065773817893588,-0.14861079325913626,-0.14617088121492383,-0.15200492464955667,-0.14914426595780816,-0.15490617917452784,-0.14735843096964626,0.03737593444260625,0.08567800144430615,0.1308145595224473,0.20872130441222625,0.01490847053950165,0.018584804518424397,0.0019139463140698063,0.01204640083869725,0.019892305590700165,0.02299413999398009,0.04776002332062087,0.05082223137237203,0.010678116771470628,0.027428065540644968,0.05332337189264185,0.06371759105923668,0.07393731324594474,0.0785615389192715,0.1193416220091463,0.1251763529577926,0.21162465214518553,0.2142325530800113,0.15794033189185233,0.16562015959142193,-0.0541098380716164,-0.005509944923002535,0.03050510836079788,0.007884865944451402,-0.015292614954470658,-0.09414808542081296,-0.0840238091228205,-0.10752724471561889,-0.10876686452180777,-0.09644082785084576,-0.09762584868379603,-0.0755942082773134,-0.07582160060354466,-0.08714418494414569,-0.08370183149480807,-0.06992034244823973,-0.07069051991798765,0.10124971368374686,0.06067991140186714,0.02193374274136057,0.026672923938814368,0.12542434535316654,0.123711798121177,0.08612845716476075,0.08747572899029053,0.09050205288366134,0.09062213099080793,0.06405988819720992,0.06275872896180967,0.014789272061168281,0.019161270517195007,-0.02004795687527796,-0.018459191596561942,0.035099830338876564,0.03415228088457034,0.04467094990154625,0.04420846762191769,0.02001721255359354,0.021258176104563126,-0.027345642500059872,-0.020796299794623073
USNM590942,0.04349764920018976,418.19560059653026,-0.0007396852766040496,0.005858012935322997,-0.0018264737723190233,-0.006314561899158962,-0.006645265260478167,-0.008220755745044397,-0.011384845878167385,0.014573980538235545,-0.03048055518614456,0.03309243545390543,-0.050228419837675585,0.02900806469787101,-0.04801314728726913,0.0537278028177431,-0.07027138985757964,0.08233557026592149,-0.09936693409490431,0.0011840563614175447,0.005028178379607909,0.005731646501913449,0.01178659056666042,0.07579067018881304,-0.07568588043154954,0.12258587224643872,-0.11680189437351067,0.02676412070067279,-0.023740037998549565,0.07032507686487587,-0.06642410897955316,0.15762557969650254,-0.1521404722439284,0.1338261203718119,-0.1248278482135739,0.07221223817610013,-0.06102240784801655,0.047236582992938224,-0.031432329295672384,0.04630994922046866,-0.02826498319990852,0.08810355489304299,-0.06927410719065752,0.02710538545971587,0.14427127031056167,-0.03018080591747698,-0.0893645930911248,-0.10474880467887855,-0.1412478833902962,-0.21261897165373078,-0.13508981995559852,-0.133848023829827,-0.17466621448157557,-0.17154768763841025,-0.140931152341617,-0.1399042549183648,-0.14664853442643058,-0.13959986487942333,-0.15364971209325376,-0.1437035445939329,0.015866101921141233,0.09618832623791532,0.14173644124123946,0.21219132727964182,-0.012170367079944906,-0.00940074565235482,-0.013343128312114167,-0.0009871840962253219,0.005091572271303079,0.008880601028004753,0.04150669327718745,0.04791756837019544,0.01113964549600388,0.031176733322296462,0.06426579243603434,0.07941057685375093,0.07799668754531577,0.08591927666166368,0.13403713946216803,0.13710339956731196,0.2043685015978545,0.19888178605266635,0.15767539360307384,0.170921073035531,-0.05294640101506461,-0.017217191586124954,0.042841158118719865,0.006972776272979737,-0.016765664907430426,-0.08910677109994318,-0.08774269113342151,-0.09634537644331068,-0.09821782614311166,-0.09864025747838805,-0.10157232679879052,-0.0735326480052478,-0.07308130071500696,-0.08581558365403606,-0.08725506707010308,-0.0721729997921551,-0.0686161479340742,0.12141670484134306,0.06511289598433413,0.012416415494056098,0.004435229850774498,0.1382971103593818,0.136877219527778,0.09823583995305506,0.10100536321304106,0.08927415640173093,0.0876967641323624,0.0584166928358669,0.058347897697403846,0.029068806110539455,0.02889893926919505,-0.01634050634438207,-0.013712413967918976,0.026900668939187314,0.029746024032995068,0.03415345498384727,0.03595879036806241,0.004105631044411343,0.0074031252095249685,-0.03518558147162107,-0.03331490908046036
USNM590947,0.07413897100699586,414.3166003584522,-0.0013177108804314345,0.007681168068144603,-0.0008894784434345641,-0.004551070432400636,-0.0056777171695765105,-0.008117761179078174,-0.012929307275064875,0.018120852793918358,-0.032212416497430105,0.03638014751372659,-0.055225777336637825,0.047691823109939545,-0.04836987285302316,0.05325243812875812,-0.0718981279030064,0.08667376645502095,-0.1050801281396158,0.0027322389894178763,0.0049483415960485675,0.009161058057911932,0.012071847779375066,0.06792243048870261,-0.06839141257206562,0.11485158637420755,-0.11592534177129558,0.020506159600448944,-0.020635707110602863,0.05933937274188189,-0.05670465117089513,0.14920167071811885,-0.1517209551204291,0.13296685405834427,-0.12769480219521168,0.07233012097817494,-0.06362734095327297,0.04581267853045445,-0.03116610484532873,0.04955816646558223,-0.025216153551577882,0.08052699997840906,-0.06437788502620173,0.011303957828772143,0.15456724599323277,-0.03134518878061163,-0.08214085652638452,-0.09687503808853386,-0.12935862481128993,-0.20716765094527703,-0.1298388150634848,-0.126811066446309,-0.1686156902456288,-0.1628075781861442,-0.15037311706610543,-0.13429952303828083,-0.14205146470220123,-0.13794418089694677,-0.14628618956300293,-0.13743794853672256,0.007650421096650661,0.10575306672584799,0.15427680625244483,0.2102686531093624,-0.023814096997038403,-0.015032789589227331,-0.011895077634840136,-0.0001505921352678829,-0.006850697482055997,-0.0018804194000903085,0.03350807639791921,0.04238397835044697,0.015204159940157115,0.02679734986593151,0.05784736093943281,0.07475964013066726,0.06792794277597128,0.07669780048557431,0.13367557446376074,0.13967494869416688,0.2039270704719301,0.2088043131603694,0.15416333137805985,0.16378490807474852,-0.05559392628240323,-0.019154820249372418,0.06134901644081311,0.016661915025670555,-0.007615521742575342,-0.0923408033184186,-0.09480410361440934,-0.09993595352761378,-0.10074250715612365,-0.102417977894404,-0.10380793593367713,-0.06515863850299641,-0.0761422508767414,-0.08648955267672696,-0.08536985965707033,-0.07720064318638013,-0.07629185619030522,0.13014011370204276,0.05873374452395956,0.007714192667685829,-0.0051239067315180555,0.14607974805616572,0.1508160018643241,0.10270839639019887,0.11157078604954804,0.10072266139767343,0.10203010182505177,0.06137938908533779,0.06469078816094012,0.02117407664479834,0.02078066572032772,-0.01950371873885213,-0.015244075891254562,0.02891571082307839,0.03439619006882321,0.031123577823736953,0.032782379158277426,-0.011603133478083847,-0.008962356296183875,-0.0428018607325093,-0.0374640527508294
USNM590951,0.04438406190901073,424.5528634488117,-7.190390930837219e-07,0.008910733430106937,-0.0010647307460292673,-0.003912385414550566,-0.0048099699642442945,-0.008153434253069606,-0.012780247114405171,0.016437887779050385,-0.029110686794004793,0.03130477164379018,-0.05555859719706564,0.03229757140651256,-0.050702431680189765,0.05566361068071746,-0.07455884834394985,0.08207864053537357,-0.10353642034420833,0.002523569752153596,0.004071720657197024,0.005963224692705078,0.011467120224762413,0.07623491119472921,-0.0758536528721977,0.11781253203054111,-0.11536462600738484,0.03049925048443319,-0.024115881939197968,0.06192311275684748,-0.05521213477409098,0.15497410097675451,-0.1484444760651901,0.13794811741389432,-0.1256254630346017,0.07277750520187522,-0.0630590922830746,0.04353437620549995,-0.03170688380169405,0.049600439685090904,-0.02917895797486521,0.08094598848816496,-0.064219545597092,0.019557478839492215,0.15851620000993943,-0.027588907928538357,-0.07742018118913724,-0.09321180161453005,-0.13304948556055998,-0.21603381468119717,-0.134149893067349,-0.13009510040488811,-0.18217071439290655,-0.173705320574456,-0.1429417697766525,-0.13397018622079748,-0.1520429600216296,-0.14062771024044993,-0.1534107308189764,-0.14751273661533357,0.011390412301074867,0.09964796392817872,0.14618179590418398,0.20943493271029134,-0.01403312176279658,-0.011441204055900218,-0.005650422963727331,-0.00011067619321090255,0.009905352725310448,0.010547835343502962,0.045190621521573125,0.050335984070251194,0.0061260894113465665,0.017958554876869755,0.055907128735566566,0.06632561386437684,0.08158417587467687,0.08641146765851329,0.1339074807364774,0.13734298094807929,0.1969263807842383,0.2029634297085907,0.15499025952174883,0.16801459860875467,-0.06659668598753428,-0.0191898331317058,0.05519326918105824,0.01167305764603309,-0.004408844490907705,-0.09124154625261835,-0.09368648273333273,-0.09405438804426026,-0.09812617506331382,-0.0966544049724676,-0.10394486902901467,-0.07449506228916171,-0.07462664442224941,-0.08602577819492546,-0.08982014749754039,-0.07336987708389356,-0.07771426121691148,0.12510674098208238,0.06427140725150249,0.008213357464296085,0.005419119441991341,0.1316501159967315,0.13160929712723027,0.09790160122048722,0.0994324615951736,0.0843921102676406,0.08849177295883749,0.06244304842851534,0.06153879853686597,0.030842762741181508,0.03445930305740224,-0.017720738868195616,-0.014030890709630902,0.037405933498773164,0.03318858956153689,0.036333840522536104,0.037498056204177746,0.005075005626925812,0.0033840742426453074,-0.036165259115017355,-0.03365183445094224
USNM590953,0.05624161974185752,503.6888902395808,0.0022365430964181405,0.006923432590172563,-0.0014958218770052144,-0.003928743962202245,-0.003861576627504381,-0.007912440248934767,-0.01301944340238615,0.011722102750950435,-0.02678373046968376,0.03239900702464564,-0.05219606154364394,0.02583681458553404,-0.042682544273872434,0.049708413099877065,-0.06757753808691165,0.07284183443808415,-0.08847322163222704,0.0024835288499666097,0.007766148596883787,0.008033906016239812,0.011627112080994316,0.06641147592580793,-0.06611159382959302,0.11271140526348056,-0.11130425442904984,0.03321534282614301,-0.02839207567495233,0.07893307983896801,-0.07276914624223996,0.14969844527750484,-0.14829248001836848,0.13076714467155257,-0.12900207526669455,0.07489237478068692,-0.06569996980435867,0.052622430522297946,-0.03809114838954199,0.050768536712841046,-0.028232079139961695,0.08169410578153244,-0.06746723981144968,0.03776987066295693,0.16268719820164174,-0.03001654475632189,-0.08612460330886801,-0.09730471182773853,-0.14558407420738392,-0.2163462448728742,-0.14114667128522304,-0.13926682365873436,-0.18020117323622223,-0.17644754536448096,-0.14390362222279923,-0.14258566011045076,-0.1541481531281141,-0.15133441405158496,-0.15126591047989707,-0.14137571585329375,0.017232739928857946,0.10722575965736304,0.1595166412147856,0.20948357281037402,-0.002720300572494164,0.0001589933910891307,-0.008811727075657846,0.006638805001283823,0.003553305406271165,0.008260738866374417,0.039348073496351374,0.047201981187677315,0.00934359228810527,0.02740297981718316,0.0548775723785334,0.07138176510880223,0.06771055749880393,0.07748227674417921,0.13702779384797106,0.140909879128881,0.20445068683832612,0.20993681799776337,0.15159215410557836,0.15739014043298583,-0.07040649641535852,-0.009523188055196688,0.040793264188992276,0.0042415393113264845,-0.007920757794700485,-0.09140041898868603,-0.08880017784156367,-0.09720593982522008,-0.09724500723311644,-0.09391045801039853,-0.0949784030295183,-0.07510905077780367,-0.07650410113090059,-0.08312842913053813,-0.08346295883111708,-0.07061976270992627,-0.07304998350661836,0.11376549119524987,0.06369954013232534,0.021821378064002233,0.01979637010423623,0.13118232420409973,0.12903578537297422,0.09122451175434688,0.0927065733061838,0.08062589556722255,0.08203929553222154,0.05301276849336792,0.05590081518239798,0.03035988929828228,0.03248481254731582,-0.020194824770110375,-0.013489180744330706,0.03069917116774261,0.03255402387347455,0.04139825807865595,0.040043706086778055,0.013067889013573515,0.014419205855842412,-0.0344949493946824,-0.0334284201408264
USNM590954,0.06300004332657944,426.0103061119646,-0.0016655043189072053,0.006805218424970486,-0.0016270540697732184,-0.005427268412335476,-0.006310528457157776,-0.005652005698289382,-0.013331115369848672,0.021870797760956722,-0.02718882571746731,0.0390247308627535,-0.05504227691183352,0.03311114149849659,-0.045501774124027075,0.05615421244046305,-0.06852861129378875,0.08266383720711508,-0.10240943043028965,0.0021702196269660304,0.00751776741991244,0.01100697682439232,0.01331434422070791,0.07032611380733274,-0.07458611485899672,0.11723478521036397,-0.11716672462224693,0.025301686595132968,-0.025935216839984603,0.07713627138586555,-0.0782603028321947,0.15431146891392492,-0.15436581630629165,0.12996019675301188,-0.13002019161835462,0.06999745709906995,-0.06315246890562491,0.052717997133228785,-0.03380488228461621,0.050904755194734926,-0.025014148458690197,0.07800571908817813,-0.06454543593685903,0.022538770981927036,0.1530407538283416,-0.020245535813395575,-0.07433580415964844,-0.09064273746907758,-0.12893192794442856,-0.21785484130868696,-0.13683197200418748,-0.131124106245043,-0.17397245342287668,-0.1719345319415626,-0.1398135764614969,-0.1341699238965248,-0.15263630184611074,-0.1435160799765982,-0.1502339232184736,-0.1423388858504268,0.018598439906317668,0.10185686417869268,0.15226841187813467,0.202686747947174,-0.01959835013953401,-0.015685155775618107,-0.015821227626614837,-0.005857550863482078,0.013610523379689227,0.0162659990963538,0.04492131562529577,0.05528885313608104,0.008227893875409176,0.02670928284500195,0.055835136188569806,0.07736067827200377,0.07513729725363108,0.0831564486654716,0.13217500326690426,0.13623123119697306,0.19474495808950368,0.19881915987249824,0.14366919198258735,0.15240192449723355,-0.05841512532554615,-0.016310927746721594,0.05741346327581167,0.00852870061131482,-0.012769525511362921,-0.09468907079669997,-0.09023936335186396,-0.09992613488748499,-0.10297746096159742,-0.10077623629326608,-0.10030279261056074,-0.07733111014790117,-0.08099791316384963,-0.08710088281346798,-0.08841805729124702,-0.06945165596223798,-0.07470210703957911,0.12632886256422154,0.06634823464674224,0.013893656861151932,0.0012751339415321664,0.1476261216605586,0.14381974913847395,0.10277391147693274,0.10952073082479308,0.09330693815252572,0.09016855193370597,0.06007560243575817,0.062038283806501164,0.02196525630896933,0.029465616356100968,-0.025068601295513523,-0.012899132481323282,0.02841938775222676,0.03667324957157764,0.0289538596627509,0.0372690556395086,-0.0022317380933801496,0.0030754057309156165,-0.04221493300376064,-0.03211700357470883
USNM599165,0.05541002667715725,434.37610138427846,0.0010336691453737756,0.006920860161360348,-0.0033224776509245234,-0.004484121873127529,-0.00512672311663834,-0.007626170685515878,-0.012709318758979637,0.014091267423861072,-0.029772165859366213,0.03360818012174552,-0.05063277163331465,0.03184103987606634,-0.04853577058195173,0.05179443724277639,-0.06816058612015671,0.07607398641320914,-0.09173435573966554,0.003243073179005404,0.00791016452152608,0.007428656918060316,0.010154439116763107,0.0632312482490503,-0.06061111788081665,0.10708183246363481,-0.10558842267198525,0.02124431310476949,-0.017285155554767933,0.055276335961823304,-0.04680398878645401,0.13753263117429523,-0.1384716615989988,0.12000763141889445,-0.11561472716842824,0.0728622972237617,-0.06346475506981773,0.04767858084938252,-0.03286632653518331,0.049149352704981226,-0.028894156557466025,0.0803966103330507,-0.06685583375982884,0.024239260140093956,0.1630492606777853,-0.022174762875614165,-0.07922146264793782,-0.09480073285961903,-0.13744840794785576,-0.2167407749241999,-0.13837931624945857,-0.13573426273514788,-0.1837471463684219,-0.17761986203808686,-0.14608105481223846,-0.14119372355586549,-0.15304182881142858,-0.14616331078630596,-0.1506859544348983,-0.13702253531989503,0.0070988380279708736,0.10461870325074278,0.15044410723904217,0.21111284250083,-0.01893607445818325,-0.0126531783432079,-0.017699507128999637,-0.0055246576144894945,0.008223525778887974,0.010043491859534681,0.035286092671025754,0.0412235630522828,0.015164696284620185,0.03279891441140242,0.05789694936527304,0.0744788247453117,0.0754867435565114,0.0871601456397384,0.14243298634342108,0.14556172937314646,0.19979987280172434,0.20436137463199103,0.15852235429256673,0.1658642772679493,-0.054692318430151245,-0.016346441812788954,0.04233424295250047,0.004168242216926665,-0.011375107357466517,-0.09165276087141604,-0.09658347808823624,-0.10114786968625956,-0.10079798146187603,-0.10394514783692277,-0.1011276351745498,-0.08071623260602946,-0.07720844344282017,-0.08910233329989044,-0.08460207353776054,-0.07626186513848775,-0.07478268032144209,0.12844924426562018,0.05335854444048995,0.004292916249159632,0.00021240408522022678,0.14412376933320362,0.14507999394855278,0.10431410370987339,0.10362543511917087,0.09193390937649908,0.09085424174713967,0.06419687711516625,0.06396497021744112,0.042001488737837274,0.039118638456242014,0.00023769940855580322,0.0030605613459670934,0.027606162874220103,0.03180198256779144,0.02221460461520845,0.027002797346863595,-0.0007162883233018078,0.0005379135721037398,-0.03552476505950271,-0.03790732125285002
USNM599166,0.03934269792487401,451.83411254013,-0.0019225506580149575,0.011233365499506204,-0.002776269220001053,-0.005665889083729945,-0.005915202188330357,-0.008052655329863871,-0.011287737325012459,0.011497463678479645,-0.027958425491034642,0.03701824879731264,-0.05383462454988993,0.031640875548390054,-0.04773029977098849,0.05565047733325381,-0.0703896353952938,0.07563388281637097,-0.0906728230718889,0.0021937831459679317,0.00692918984643755,0.010687811771126066,0.012817031067497606,0.07673394293046165,-0.07907162944452309,0.11784986591948451,-0.12024685804158346,0.02899165869510353,-0.028954122513029184,0.06350811931838804,-0.057559989353235995,0.15316793710606846,-0.15543141938372682,0.12631781599707426,-0.12316907783219602,0.06394697575325256,-0.05727008402618646,0.04609656437154415,-0.0285035835498558,0.052456810015892266,-0.026031320480515013,0.08332968324914042,-0.06525730615185114,0.021708898274665725,0.1655749285088656,-0.01321448403864989,-0.08392461946740278,-0.1028372860061089,-0.1365449779788435,-0.21390224774105998,-0.13919507523229027,-0.1377076903391658,-0.17504530117049863,-0.1738319898472628,-0.14138531109233896,-0.13946768711495033,-0.14525589720313847,-0.13924326039591142,-0.14916386197268214,-0.14288214928755275,0.0125979472840653,0.10226317481150615,0.14695985317758042,0.21596249519234267,-0.017453609689073207,-0.011851113592192679,-0.015063550631321199,-0.004306390852235317,0.0021117132143755883,0.003989565046975951,0.038755219273464904,0.04501406702138221,0.005371892102726153,0.017001404651423965,0.05557506095806731,0.06664383500687096,0.0816107244146989,0.08848001179123775,0.13030012667657934,0.13714269879516894,0.20424602087598667,0.2098372641472109,0.16076569364455137,0.17036390878292784,-0.06167692890287062,-0.014809283813875043,0.04676965430371406,0.001982544582638423,-0.018940339070462248,-0.08567352615141116,-0.09220557457478341,-0.09662205365114475,-0.09422452834695261,-0.09200248372393671,-0.09053460527223496,-0.07412189019622434,-0.0736702721014979,-0.0912564641046313,-0.08652832834059822,-0.07135123664484563,-0.07041950989041794,0.11547495469884934,0.060542578004452945,0.014774077373882756,0.0035136384458214457,0.13798454633287002,0.138637199382847,0.0959193681912919,0.10022653654793208,0.0894754275098938,0.09130990028112554,0.06294694607207568,0.06267925503584117,0.020398450235754855,0.025895657335146035,-0.016297454770098654,-0.011031644754851598,0.03484673570473853,0.033718754414605145,0.03341847293596248,0.035151774802587105,0.006451155295593882,0.0018829786864074667,-0.03823540579558709,-0.03439907606760984
USNM599167,0.05964063995091858,426.1984476674526,0.004779902722160535,0.006663625282929836,0.0022645968377801255,-0.003459717007967521,-0.0044651314901611935,-0.009887907259065248,-0.016143526628465615,0.018404030189398932,-0.03856857547371571,0.03446174054063227,-0.060649974884997876,0.03019752663819693,-0.04937228906564447,0.05712449356754135,-0.0755848737089534,0.07670955168652129,-0.09595317616936362,0.0005499838415982352,0.006048252210701784,0.007128257552952884,0.006305479914610101,0.06931007450911648,-0.07193588126140178,0.11717803112228035,-0.11122854395214077,0.023552107593941628,-0.018078562490302208,0.0689738156940059,-0.0572718474699936,0.15716952615428362,-0.15119528759084433,0.12231542113289946,-0.10427605417959183,0.06894276162948493,-0.0511493678559987,0.04617010559513183,-0.03227299900235804,0.047342681875327156,-0.03511210793550113,0.0841338638369106,-0.0691200067019394,0.03263403543352848,0.1531327894165495,-0.008047569436708788,-0.07474146222597391,-0.09491162316678617,-0.13824808234258368,-0.2265332526565044,-0.14559938808590145,-0.13930885781747335,-0.18503552843455254,-0.1759033247487233,-0.145277777590138,-0.1378136819432446,-0.14885714736683064,-0.14297113433751865,-0.14891460932777123,-0.13721497187877532,0.008130584483265887,0.1107918239583802,0.1688139188781792,0.20493937035252424,-0.012069342537181041,-0.0007965804516323623,-0.009822066785235421,0.004107427805399682,0.0018796582476980656,0.005152621044371922,0.037766860916203106,0.04534434260297334,-0.0002035690280223092,0.014562784915610317,0.06304762103065985,0.06810971291029465,0.08292836214376853,0.07856338146933628,0.13859315813368345,0.14216523211194082,0.2024570597513651,0.2009095695746098,0.15588169814562614,0.15235795683558526,-0.0570203451716878,-0.020611123671324748,0.03876771513681567,-0.0023789015555942556,-0.022410831158803657,-0.08492592957415981,-0.08367391380887798,-0.0974184218949029,-0.0953984279276611,-0.10121342507552454,-0.09935310276338184,-0.07955221540097539,-0.07657937222334793,-0.09201913093585226,-0.08403356139993526,-0.07706291013300123,-0.07455355900994359,0.11473594079446024,0.052338491015166265,0.012832223718884043,0.013971035684873635,0.14050800387474305,0.1379175731684435,0.09919064081581176,0.09290551482582894,0.09189307837374347,0.09064625372164538,0.06300012277719977,0.06021601778614364,0.03428600182705641,0.03145890271044834,-0.0031454686212662964,-0.005063847156797507,0.038768331390352496,0.0403634469444706,0.029526150679494777,0.026129342606152333,0.010312471221282189,0.007771562891392713,-0.033970522089373366,-0.03715381239199404
